Molecule Name,IC50 (Num),IC50 (Mod),Hill (Num),Minh_pIC50 (Num)
ASAP-0017740,0.489,=,1.795,6.69
ASAP-0017727,0.496,=,1.592,6.69
ASAP-0017714,0.103,=,0.917,7.16
ASAP-0017685,34.138,=,1.235,5.48
ASAP-0017681,0.103,=,1.851,7.28
ASAP-0017664,0.982,=,1.825,6.5
ASAP-0017661,0.128,=,1.909,7.33
ASAP-0017656,0.048,=,1.056,7.57
ASAP-0017653,0.079,=,1.254,7.36
ASAP-0017647,0.04,=,1.157,7.6
ASAP-0017451,8.762,=,4.254,5.58
ASAP-0017450,0.641,=,2.019,6.75
ASAP-0017449,0.056,=,1.314,7.39
ASAP-0017448,0.111,=,1.496,7.14
ASAP-0017447,1.578,=,2.415,6.39
ASAP-0017446,0.043,=,1.059,7.48
ASAP-0017445,0.047,=,1.245,7.43
ASAP-0017433,99.5,>,,4.8
ASAP-0017428,7.468,=,1.203,5.41
ASAP-0017420,99.5,>,1.057,4.18
ASAP-0017393,35.564,=,1.224,4.59
ASAP-0017386,9.919,=,5.429,5.57
ASAP-0017370,0.177,=,1.697,7.27
ASAP-0017339,2.2,=,2.946,6.35
ASAP-0017328,0.971,=,2.162,6.69
ASAP-0017239,0.155,=,1.364,7.44
ASAP-0017238,0.069,=,1.758,7.49
ASAP-0017148,11.796,=,2.164,5.01
ASAP-0017058,0.887,=,2.17,6.81
ASAP-0017057,1.026,=,2.273,6.78
ASAP-0017056,0.433,=,2.294,6.97
ASAP-0016983,7.886,=,1.486,5.51
ASAP-0016974,0.144,=,0.903,7.18
ASAP-0016973,99.5,>,,4.37
ASAP-0016902,5.241,=,1.98,5.89
ASAP-0016846,0.191,=,2.086,7.26
ASAP-0016845,0.115,=,1.965,7.26
ASAP-0016838,,,,4.75
ASAP-0016823,0.322,=,2.058,7.18
ASAP-0016819,0.41,=,2.299,6.92
ASAP-0016748,99.5,>,,8.56
ASAP-0016593,0.435,=,2.567,6.83
ASAP-0016592,6.191,=,2.616,5.97
ASAP-0016591,1.32,=,2.713,6.49
ASAP-0016548,99.5,>,,4.25
ASAP-0016547,7.881,=,3.275,5.69
ASAP-0016546,10.258,=,5.043,5.63
ASAP-0016545,0.916,=,2.474,6.59
ASAP-0016544,8.244,=,3.919,5.75
ASAP-0016543,99.5,>,0.5,5.18
ASAP-0016542,2.424,=,34.61,6.03
ASAP-0016541,2.474,=,21.812,5.86
ASAP-0016540,1.155,=,2.881,6.37
ASAP-0016539,0.127,=,1.962,7.29
ASAP-0016511,2.533,=,20.704,6.16
ASAP-0016510,0.317,=,2.336,7.21
ASAP-0016509,0.121,=,2.306,7.3
ASAP-0016508,9.639,=,6.179,5.69
ASAP-0016507,0.121,=,2.342,7.29
ASAP-0016506,0.064,=,2.135,7.57
ASAP-0016505,0.184,=,2.278,7.35
ASAP-0016504,1.375,=,2.552,6.57
ASAP-0016503,0.747,=,2.162,6.83
ASAP-0016440,91.232,=,1.498,4.45
ASAP-0016439,99.5,>,,1.43
ASAP-0016438,68.716,=,0.651,4.6
ASAP-0016433,,,,5.64
ASAP-0016432,99.5,>,,4.22
ASAP-0016377,0.393,=,2.784,6.95
ASAP-0016376,0.431,=,3.282,7.02
ASAP-0016375,0.118,=,2.492,7.22
ASAP-0016110,1.252,=,2.698,6.4
ASAP-0016106,1.086,=,2.481,6.58
ASAP-0016104,99.5,>,,3.56
ASAP-0016101,1.207,=,2.395,6.48
ASAP-0016097,0.113,=,2.026,7.23
ASAP-0016094,0.815,=,1.847,6.16
ASAP-0015916,1.134,=,2.3,6.63
ASAP-0015913,1.341,=,2.321,6.44
ASAP-0015910,0.867,=,2.339,6.73
ASAP-0015906,0.502,=,2.594,6.77
ASAP-0015904,0.411,=,2.209,7.04
ASAP-0015900,4.099,=,2.121,6.33
ASAP-0015896,0.63,=,2.47,6.81
ASAP-0015780,99.5,>,,4.01
ASAP-0015777,28.316,=,14.339,4.75
ASAP-0015773,5.264,=,2.321,6.05
ASAP-0015679,2.187,=,3.177,6.41
ASAP-0015677,1.054,=,2.575,6.72
ASAP-0015672,1.069,=,2.579,6.71
ASAP-0015669,1.163,=,2.598,6.65
ASAP-0015666,1.646,=,2.847,6.47
ASAP-0015663,1.279,=,2.772,6.57
ASAP-0015660,1.101,=,2.575,6.67
ASAP-0015657,1.017,=,2.584,6.74
ASAP-0015656,0.595,=,2.639,6.92
ASAP-0015652,1.172,=,2.601,6.67
ASAP-0015652,1.338,=,2.528,6.67
ASAP-0015648,5.586,=,2.48,5.94
ASAP-0015646,0.056,=,2.359,7.57
ASAP-0015642,1.103,=,2.811,6.61
ASAP-0015638,2.588,=,14.156,5.98
ASAP-0015522,99.5,>,,3.99
ASAP-0015521,0.396,=,3.139,7.04
ASAP-0015517,0.392,=,2.92,6.98
ASAP-0015514,2.138,=,2.992,6.45
ASAP-0015512,6.963,=,2.868,5.92
ASAP-0015508,1.718,=,2.999,6.51
ASAP-0015389,5.357,=,2.546,6.03
ASAP-0015385,1.975,=,2.885,6.5
ASAP-0015380,9.897,=,6.391,5.77
ASAP-0015376,1.561,=,2.998,6.45
ASAP-0015306,0.175,=,2.005,7.23
ASAP-0015301,0.318,=,2.2,6.98
ASAP-0015297,5.22,=,2.366,5.9
ASAP-0015294,1.55,=,2.64,6.36
ASAP-0015290,13.646,=,2.831,5.53
ASAP-0015242,2.219,=,3.243,6.25
ASAP-0015239,0.166,=,1.961,7.25
ASAP-0015235,2.459,=,3.175,6.36
ASAP-0015232,1.547,=,2.521,6.31
ASAP-0015229,1.985,=,2.9,6.37
ASAP-0015227,0.748,=,2.373,6.83
ASAP-0015225,2.555,=,12.444,5.98
ASAP-0015223,3.778,=,2.364,6
ASAP-0015219,2.58,=,13.409,6
ASAP-0015114,1.128,=,2.477,6.43
ASAP-0015110,0.475,=,2.398,6.71
ASAP-0015108,0.215,=,1.733,7.14
ASAP-0015105,1.342,=,2.407,6.35
ASAP-0015102,0.3,=,1.559,7.19
ASAP-0015099,0.721,=,2.23,6.72
ASAP-0015096,0.663,=,1.838,6.88
ASAP-0015092,1.144,=,2.456,6.5
ASAP-0015090,0.17,=,1.881,7.26
ASAP-0015085,1.125,=,2.5,6.42
ASAP-0015079,99.5,>,,4.38
ASAP-0015078,2.534,=,12.652,5.93
ASAP-0014973,1.915,=,2.886,6.16
ASAP-0014970,0.402,=,2.506,6.72
ASAP-0014966,0.877,=,2.211,6.58
ASAP-0014963,2.105,=,2.58,6.32
ASAP-0014959,1.265,=,2.428,6.46
ASAP-0014956,13.888,=,2.496,5.49
ASAP-0014955,2.618,=,3.036,6.02
ASAP-0014951,0.2,=,1.679,7.11
ASAP-0014948,3.44,=,2.579,5.98
ASAP-0014946,,,,4.24
ASAP-0014943,0.89,=,2.045,6.62
ASAP-0014938,2.573,=,3.521,5.99
ASAP-0014936,7.093,=,2.35,5.92
ASAP-0014931,1.011,=,2.428,6.41
ASAP-0014925,0.032,=,1.047,7.57
ASAP-0014900,1.235,=,2.205,6.37
ASAP-0014889,1.473,=,2.589,6.07
ASAP-0014888,0.434,=,2.218,6.71
ASAP-0014887,0.284,=,1.533,6.76
ASAP-0014886,0.292,=,1.699,6.83
ASAP-0014882,9.633,=,3.119,5.44
ASAP-0014881,2.516,=,18.159,5.94
ASAP-0014800,0.546,=,2.886,6.83
ASAP-0014797,0.109,=,2.262,7.19
ASAP-0014794,0.604,=,2.572,6.86
ASAP-0014791,8.01,=,3.679,5.9
ASAP-0014789,2.25,=,2.973,6.27
ASAP-0014786,0.054,=,2.381,7.5
ASAP-0014784,2.549,=,18.296,5.88
ASAP-0014780,34.749,=,4.526,5.07
ASAP-0014776,0.489,=,2.84,6.9
ASAP-0014773,0.463,=,3.608,6.9
ASAP-0014770,0.782,=,2.316,6.82
ASAP-0014769,25.214,=,2.724,5.21
ASAP-0014764,0.846,=,2.303,6.74
ASAP-0014762,9.371,=,6.994,5.62
ASAP-0014758,9.54,=,8.589,5.56
ASAP-0014753,0.976,=,2.62,6.59
ASAP-0014750,0.266,=,2.12,7.23
ASAP-0014745,7.902,=,3.208,5.9
ASAP-0014740,,,,4.41
ASAP-0014717,1.196,=,2.568,6.5
ASAP-0014654,,,,4.59
ASAP-0014649,92.61,=,9.174,4.42
ASAP-0014646,15.461,=,2.46,5.41
ASAP-0014638,10.273,=,4.26,5.62
ASAP-0014632,9.908,=,5.756,5.67
ASAP-0014619,,,,5.96
ASAP-0014618,,,,6.3
ASAP-0014613,1.216,=,2.438,6.85
ASAP-0014612,8.765,=,3.812,5.99
ASAP-0014608,5.403,=,2.164,6.3
ASAP-0014582,8.118,=,4.477,5.94
ASAP-0014572,,,,5.05
ASAP-0014554,,,,4.56
ASAP-0014553,21.939,=,2.693,5.44
ASAP-0014551,1.387,=,3.124,6.43
ASAP-0014544,0.474,=,3.147,6.91
ASAP-0014213,99.5,>,,14.1
ASAP-0014212,7.832,=,3.66,5.78
ASAP-0013925,1.456,=,2.757,6.43
ASAP-0013898,1.281,=,2.965,6.46
ASAP-0013894,1.385,=,2.805,6.46
ASAP-0013893,2.19,=,3.384,6.35
ASAP-0013892,1.882,=,3.012,6.44
ASAP-0013891,2.5,=,3.675,6.25
ASAP-0013890,0.868,=,2.471,6.83
ASAP-0013889,24.19,=,2.666,5.37
ASAP-0013836,,,,4.81
ASAP-0013834,,,,5.27
ASAP-0013832,17.396,=,2.384,5.55
ASAP-0013814,11.37,=,3.17,5.54
ASAP-0013743,,,,4.71
ASAP-0013743,49.75,>,,4.25
ASAP-0013739,2.51,=,23.453,5.94
ASAP-0013735,23.042,=,2.571,5.47
ASAP-0013731,2.365,=,3.78,6.23
ASAP-0013722,0.471,=,3.745,6.92
ASAP-0013721,10.367,=,5.207,5.46
ASAP-0013720,10.344,=,5.563,5.45
ASAP-0013719,10.818,=,7.124,5.52
ASAP-0013718,,,,4.59
ASAP-0013717,,,,4.62
ASAP-0013716,10.192,=,6.046,5.51
ASAP-0013715,9.534,=,7.928,5.77
ASAP-0013713,99.5,>,,4.84
ASAP-0013646,3.616,=,1.302,
ASAP-0013629,99.5,>,0.5,6.9
ASAP-0013612,17.244,=,1.052,4.83
ASAP-0013423,8.075,=,4.043,6.01
ASAP-0013423,5.503,=,2.122,6.01
ASAP-0013414,0.802,=,2.509,6.9
ASAP-0013414,0.471,=,2.484,6.9
ASAP-0013413,1.721,=,2.825,6.5
ASAP-0013413,1.181,=,2.498,6.5
ASAP-0013412,2.313,=,4.683,6.37
ASAP-0013412,1.511,=,2.543,6.37
ASAP-0013407,8.277,=,4.242,5.98
ASAP-0013407,5.186,=,2.357,5.98
ASAP-0013405,9.82,=,19.776,5.8
ASAP-0013405,7.108,=,3.166,5.8
ASAP-0013404,99.5,>,,4.07
ASAP-0013404,99.5,>,,4.07
ASAP-0013403,99.5,>,,3.84
ASAP-0013403,99.5,>,,3.84
ASAP-0013402,99.5,>,,4.31
ASAP-0013402,99.5,>,,4.31
ASAP-0013401,99.5,>,,3.61
ASAP-0013400,,,,4.76
ASAP-0013400,,,,4.76
ASAP-0013398,1.198,=,2.9,6.72
ASAP-0013398,0.817,=,2.43,6.72
ASAP-0013397,1.816,=,3.086,6.53
ASAP-0013397,1.261,=,2.8,6.53
ASAP-0013315,99.5,>,,4.19
ASAP-0013315,,,,4.19
ASAP-0013314,99.5,>,,4.46
ASAP-0013313,,,,5.16
ASAP-0013312,99.5,>,,4.35
ASAP-0013311,99.5,>,,4.25
ASAP-0013310,,,,5.14
ASAP-0013309,,,,4.79
ASAP-0013308,99.5,>,,4.23
ASAP-0013307,2.457,=,3.943,6.31
ASAP-0013306,99.5,>,,4.31
ASAP-0013305,10.194,=,5.643,5.59
ASAP-0013304,,,,5.51
ASAP-0013303,,,,4.6
ASAP-0013302,,,,4.59
ASAP-0013301,1.478,=,2.901,6.46
ASAP-0013300,0.41,=,2.751,6.92
ASAP-0013299,0.133,=,3.085,7.26
ASAP-0013299,0.221,=,1.8,7.18
ASAP-0013299,0.399,=,1.965,7.18
ASAP-0013298,0.494,=,2.773,6.73
ASAP-0013297,,,,5.05
ASAP-0013279,13.172,=,0.792,4.54
ASAP-0013274,1.792,=,2.808,6.46
ASAP-0013273,0.882,=,2.528,6.82
ASAP-0013272,2.406,=,3.659,6.4
ASAP-0013270,99.5,>,,3.8
ASAP-0013268,,,,5
ASAP-0013267,5.447,=,2.686,5.89
ASAP-0013266,2.145,=,3.289,6.39
ASAP-0013265,1.204,=,3.278,6.53
ASAP-0013264,2.286,=,3.313,6.35
ASAP-0013263,2.613,=,9.959,5.98
ASAP-0013262,9.773,=,12.499,5.67
ASAP-0013261,,,,5.07
ASAP-0013251,99.5,>,,4.27
ASAP-0013249,0.637,=,1.29,6.43
ASAP-0012422,,,,5.03
ASAP-0012347,99.5,>,,4.32
ASAP-0012345,,,,20
ASAP-0012343,99.5,>,,4.99
ASAP-0012341,99.5,>,,5.53
ASAP-0012339,9.084,=,5.928,5.95
ASAP-0012337,2.57,=,14.498,6.22
ASAP-0012335,5.841,=,2.48,6.04
ASAP-0012333,7.698,=,3.047,5.98
ASAP-0012331,7.948,=,3.777,5.86
ASAP-0012326,,,,4.79
ASAP-0012314,99.5,>,,
ASAP-0012246,0.396,>,,
ASAP-0012230,0.396,>,,6.6
ASAP-0012168,0.396,>,,
ASAP-0012097,0.396,>,,6.41
ASAP-0011947,0.396,>,,6.59
ASAP-0011913,0.396,>,,
ASAP-0011892,0.396,>,,15
ASAP-0011533,,,,4.6
ASAP-0011532,32.995,=,8.005,5.04
ASAP-0011531,31.812,=,14.353,5.03
ASAP-0011529,18.972,=,2.375,5.47
ASAP-0011528,1.568,=,2.592,6.32
ASAP-0011527,99.5,>,,
ASAP-0011526,99.5,>,,4.09
ASAP-0011519,99.5,>,,20
ASAP-0011519,99.5,>,,20
ASAP-0011518,99.5,>,,4.6
ASAP-0011518,99.5,>,,4.6
ASAP-0011517,,,,5.15
ASAP-0011517,,,,5.15
ASAP-0011516,99.5,>,,4.18
ASAP-0011516,99.5,>,,4.18
ASAP-0011515,99.5,>,,4.4
ASAP-0011515,99.5,>,,4.4
ASAP-0011514,99.5,>,,6.83
ASAP-0011513,1.574,=,2.888,6.42
ASAP-0011512,99.5,>,,
ASAP-0011511,99.5,>,,4.28
ASAP-0011510,99.5,>,,13.6
ASAP-0011509,,,,4.82
ASAP-0011508,99.5,>,,
ASAP-0011507,99.5,>,,4.3
ASAP-0011506,99.5,>,,4.24
ASAP-0011505,99.5,>,,4.04
ASAP-0011504,99.5,>,,
ASAP-0011503,99.5,>,,4.1
ASAP-0011502,99.5,>,,4.23
ASAP-0011501,99.5,>,,3.11
ASAP-0011500,99.5,>,,4.25
ASAP-0011499,99.5,>,,4
ASAP-0011498,99.5,>,,4.22
ASAP-0011497,99.5,>,,3.95
ASAP-0011496,99.5,>,,
ASAP-0011495,99.5,>,,4.29
ASAP-0011494,99.5,>,,3.69
ASAP-0011493,,,,4.62
ASAP-0011492,99.5,>,,4.1
ASAP-0011491,99.5,>,,4.21
ASAP-0011490,99.5,>,,4.26
ASAP-0011489,99.5,>,,4.33
ASAP-0011488,99.5,>,,19
ASAP-0011487,99.5,>,,4.1
ASAP-0011486,99.5,>,,4.26
ASAP-0011485,2.351,=,4.028,6.33
ASAP-0011484,99.5,>,,4.32
ASAP-0011483,,,,5.5
ASAP-0011482,99.5,>,,4.78
ASAP-0011481,99.5,>,,3.53
ASAP-0011480,,,,5.01
ASAP-0011479,,,,5.06
ASAP-0011478,99.5,>,,4.29
ASAP-0011477,,,,5.08
ASAP-0011476,99.5,>,,4.04
ASAP-0011475,99.5,>,,4.07
ASAP-0011474,,,,4.51
ASAP-0011473,99.5,>,,4.05
ASAP-0011472,99.5,>,,4.33
ASAP-0011471,99.5,>,,4.39
ASAP-0011470,,,,4.54
ASAP-0011469,,,,4.5
ASAP-0011468,99.5,>,,4.88
ASAP-0011467,,,,5.11
ASAP-0011466,99.5,>,,4.23
ASAP-0011465,99.5,>,,4.12
ASAP-0011464,99.5,>,,4.36
ASAP-0011463,99.5,>,,3.32
ASAP-0011462,99.5,>,,
ASAP-0011460,99.5,>,,3.69
ASAP-0011458,,,,4.75
ASAP-0011456,,,,5.29
ASAP-0011454,99.5,>,,7.29
ASAP-0011451,99.5,>,,4.23
ASAP-0011449,99.5,>,,4.07
ASAP-0011445,1.301,=,2.987,6.52
ASAP-0011443,,,,4.63
ASAP-0011438,99.5,>,,4.01
ASAP-0011434,99.5,>,,4.22
ASAP-0011430,13.77,=,2.741,5.6
ASAP-0011415,,,,5.79
ASAP-0011414,99.5,>,,4.07
ASAP-0011412,99.5,>,,4.87
ASAP-0011410,99.5,>,,4.37
ASAP-0011408,,,,4.64
ASAP-0011405,99.5,>,,4.33
ASAP-0011404,99.5,>,,4.3
ASAP-0011402,99.5,>,,3.79
ASAP-0011400,99.5,>,,4.06
ASAP-0011398,99.5,>,,4.82
ASAP-0011396,99.5,>,,4.36
ASAP-0011394,99.5,>,,4.28
ASAP-0011391,99.5,>,,4.28
ASAP-0011390,99.5,>,,4.25
ASAP-0011388,99.5,>,,4.55
ASAP-0011385,99.5,>,,4.27
ASAP-0011384,99.5,>,,4.28
ASAP-0011382,99.5,>,,4.97
ASAP-0011379,,,,4.52
ASAP-0011378,99.5,>,,4.26
ASAP-0011376,99.5,>,,20
ASAP-0011373,99.5,>,,4.25
ASAP-0011371,99.5,>,,4.34
ASAP-0011370,99.5,>,,4.27
ASAP-0011368,9.793,=,6.894,5.76
ASAP-0011366,99.5,>,,4.25
ASAP-0011364,99.5,>,,4.09
ASAP-0011362,99.5,>,,3.97
ASAP-0011359,2.213,=,3.848,6.4
ASAP-0011358,,,,5.24
ASAP-0011356,99.5,>,,4.32
ASAP-0011353,99.5,>,,6.69
ASAP-0011351,99.5,>,,4.25
ASAP-0011349,,,,5.7
ASAP-0011347,10.013,=,10.647,5.6
ASAP-0011346,99.5,>,10.423,4.23
ASAP-0011343,2.498,=,6.583,6.29
ASAP-0011342,99.5,>,,4.27
ASAP-0011340,99.5,>,,4.3
ASAP-0011338,,,,5.59
ASAP-0011336,99.5,>,,4.49
ASAP-0011334,99.5,>,,4.39
ASAP-0011332,99.5,>,,4.99
ASAP-0011329,99.5,>,,4.29
ASAP-0011328,99.5,>,,16.4
ASAP-0011325,99.5,>,,4.29
ASAP-0011324,,,,4.59
ASAP-0011322,99.5,>,,4.28
ASAP-0011320,99.5,>,,3.97
ASAP-0011318,99.5,>,,4.74
ASAP-0011315,99.5,>,,4.27
ASAP-0011314,,,,4.64
ASAP-0011312,99.5,>,,4.04
ASAP-0011309,99.5,>,,4.25
ASAP-0011308,99.5,>,,3.84
ASAP-0011306,99.5,>,,4.85
ASAP-0011304,99.5,>,,4.31
ASAP-0011302,99.5,>,,4.29
ASAP-0011300,99.5,>,,4.05
ASAP-0011298,99.5,>,,4.03
ASAP-0011296,99.5,>,,4.29
ASAP-0011294,99.5,>,,4.39
ASAP-0011292,99.5,>,,4.07
ASAP-0011290,,,,4.53
ASAP-0011288,99.5,>,,4.05
ASAP-0011285,,,,5.18
ASAP-0011283,99.5,>,,4.44
ASAP-0011282,99.5,>,,4.3
ASAP-0011280,99.5,>,,4.44
ASAP-0011278,99.5,>,,17
ASAP-0011276,99.5,>,,4.35
ASAP-0011273,99.5,>,,4.24
ASAP-0011272,99.5,>,,4.29
ASAP-0011269,99.5,>,,4.32
ASAP-0011268,99.5,>,,4.05
ASAP-0011266,99.5,>,,4.25
ASAP-0011263,99.5,>,,4.26
ASAP-0011262,,,,4.66
ASAP-0011260,99.5,>,,4
ASAP-0011258,99.5,>,,4.24
ASAP-0011255,99.5,>,,4.26
ASAP-0011254,,,,4.6
ASAP-0011250,99.5,>,,8.62
ASAP-0011246,,,,5.29
ASAP-0011245,99.5,>,,4.04
ASAP-0011241,99.5,>,,4.88
ASAP-0011239,99.5,>,,4.35
ASAP-0011235,,,,4.63
ASAP-0011233,,,,5.28
ASAP-0011232,99.5,>,,3.6
ASAP-0011231,99.5,>,,4.21
ASAP-0011230,99.5,>,,4.24
ASAP-0011229,99.5,>,,4.32
ASAP-0011228,99.5,>,,4.89
ASAP-0011227,99.5,>,,4.3
ASAP-0011226,99.5,>,,4.92
ASAP-0011225,99.5,>,,3.7
ASAP-0011224,99.5,>,,4.28
ASAP-0011223,99.5,>,,4.45
ASAP-0011222,99.5,>,,3.7
ASAP-0011220,99.5,>,,4.33
ASAP-0011218,99.5,>,,3.7
ASAP-0011216,99.5,>,,4.3
ASAP-0011214,99.5,>,,4.31
ASAP-0011212,99.5,>,,3.88
ASAP-0011209,99.5,>,,4.28
ASAP-0011206,99.5,>,,4.27
ASAP-0011202,9.624,=,7.498,5.65
ASAP-0011200,9.012,=,5.511,5.99
ASAP-0011195,99.5,>,,5.21
ASAP-0011194,,,,4.56
ASAP-0011191,99.5,>,,4.03
ASAP-0011187,99.5,>,,4.31
ASAP-0011185,,,,5.71
ASAP-0011181,,,,5.11
ASAP-0011179,99.5,>,,4.31
ASAP-0011175,,,,5.38
ASAP-0011173,,,,4.58
ASAP-0011168,,,,5.11
ASAP-0011165,,,,5.59
ASAP-0011164,,,,5.13
ASAP-0011160,99.5,>,,4.59
ASAP-0011157,99.5,>,,3.56
ASAP-0011155,99.5,>,,4
ASAP-0011151,99.5,>,,4.28
ASAP-0011148,,,,4.61
ASAP-0011145,99.5,>,,5.12
ASAP-0011143,,,,5.64
ASAP-0011143,9.567,=,13.267,5.64
ASAP-0011142,99.5,>,,6.94
ASAP-0011142,,,,6.94
ASAP-0011141,2.598,=,14.328,6.16
ASAP-0011141,2.527,=,4.435,6.16
ASAP-0011140,,,,5.44
ASAP-0011140,14.011,=,2.487,5.44
ASAP-0011139,,,,5.58
ASAP-0011139,16.702,=,3.076,5.58
ASAP-0011138,7.726,=,3.984,5.96
ASAP-0011138,4.743,=,2.804,5.96
ASAP-0011137,1.006,=,2.998,6.79
ASAP-0011137,0.836,=,2.435,6.79
ASAP-0011135,99.5,>,,4.61
ASAP-0011135,,,,4.61
ASAP-0011133,,,,5.12
ASAP-0011133,16.654,=,3.417,5.12
ASAP-0011131,99.5,>,,5.28
ASAP-0011130,54.69,=,1.587,4.45
ASAP-0011129,1.854,=,2.579,6.44
ASAP-0011128,99.5,>,,4.03
ASAP-0011127,7.559,=,2.973,5.88
ASAP-0011126,99.5,>,,4.27
ASAP-0011125,99.5,>,,5.55
ASAP-0011124,0.634,=,2.236,6.8
ASAP-0011067,27.342,=,3,5.24
ASAP-0011065,99.5,>,,4.34
ASAP-0011062,99.5,>,,4.31
ASAP-0011059,6.575,=,2.86,5.96
ASAP-0011056,22.744,=,3.599,5.23
ASAP-0011052,1.41,=,2.694,6.47
ASAP-0011052,1.491,=,3.666,6.47
ASAP-0011049,0.741,=,3.23,6.79
ASAP-0011049,0.944,=,2.619,6.79
ASAP-0011044,10.203,=,2.89,5.68
ASAP-0011043,25.979,=,2.881,5.05
ASAP-0011042,99.5,>,,4.99
ASAP-0011041,1.281,=,1.265,6.23
ASAP-0011040,99.5,>,,5.42
ASAP-0011040,20.517,=,2.371,5.42
ASAP-0011039,99.5,>,,4.17
ASAP-0011038,2.014,=,2.499,6.24
ASAP-0011038,2.669,=,3.119,6.24
ASAP-0011036,99.5,>,,4.34
ASAP-0011034,0.642,=,2.97,6.79
ASAP-0011034,0.953,=,2.707,6.79
ASAP-0011031,0.731,=,3.055,6.76
ASAP-0011031,0.666,=,2.446,6.76
ASAP-0011026,99.5,>,,4.96
ASAP-0011017,6.598,=,4.295,5.58
ASAP-0010940,44.987,=,3.284,4.76
ASAP-0010910,99.5,>,,3.43
ASAP-0010758,99.5,>,,4.3
ASAP-0010757,15.257,=,2.712,5.29
ASAP-0010756,99.5,>,,3.81
ASAP-0010755,99.5,>,,4.52
ASAP-0010754,31.119,=,2.802,4.75
ASAP-0010753,84.464,=,1.294,4.67
ASAP-0010753,24.169,=,0.96,4.67
ASAP-0010753,6.423,=,0.56,4.67
ASAP-0010752,1.09,=,2.392,6.69
ASAP-0010752,1.221,=,2.789,6.69
ASAP-0010752,0.539,=,2.347,6.69
ASAP-0010751,99.5,>,,5.05
ASAP-0010750,17.435,=,2.172,5.41
ASAP-0010748,99.5,>,,4.89
ASAP-0010748,99.5,>,,4.89
ASAP-0010748,99.5,>,,4.89
ASAP-0010746,45.257,=,2.85,4.94
ASAP-0010743,0.542,=,2.433,6.88
ASAP-0010743,0.732,=,2.277,6.88
ASAP-0010743,0.242,=,2.215,6.88
ASAP-0010742,24.383,=,2.282,5.42
ASAP-0010740,99.5,>,,5.49
ASAP-0010740,23,=,2.684,5.49
ASAP-0010740,15.791,=,2.074,5.49
ASAP-0010738,6.83,=,2.889,5.92
ASAP-0010736,14.606,=,2.384,5.42
ASAP-0010736,17.595,=,2.593,5.42
ASAP-0010735,99.5,>,1.121,5.03
ASAP-0010734,11.409,=,1.805,5.89
ASAP-0010734,16.785,=,1.604,5.89
ASAP-0010726,80.025,=,0.5,5.09
ASAP-0010726,5.901,=,2.743,5.09
ASAP-0010725,22.615,=,2.709,5.28
ASAP-0010725,23.829,=,2.756,5.28
ASAP-0010724,99.5,>,,4.77
ASAP-0010724,96.49,=,2.142,4.77
ASAP-0010724,5.341,=,0.948,4.77
ASAP-0010724,4.672,=,1.509,4.77
ASAP-0010722,22.599,=,3.093,5.06
ASAP-0010722,27.022,=,4.141,5.06
ASAP-0010721,87.909,=,1.413,4.79
ASAP-0010721,33.872,=,0.605,4.79
ASAP-0010721,9.968,=,0.5,4.79
ASAP-0010721,4.274,=,0.969,4.79
ASAP-0010719,99.5,>,,4.44
ASAP-0010719,99.5,>,2.627,4.44
ASAP-0010719,12.278,=,1.141,4.44
ASAP-0010719,8.085,=,1.325,4.44
ASAP-0010714,19.955,=,2.34,5.4
ASAP-0010714,22.184,=,3.034,5.4
ASAP-0010713,99.5,>,,
ASAP-0010712,9.911,=,2.705,5.65
ASAP-0010712,17.451,=,2.335,5.65
ASAP-0010711,8.659,=,2.885,5.73
ASAP-0010711,11.31,=,2.765,5.73
ASAP-0008681,32.416,=,3.195,4.95
ASAP-0008680,99.5,>,,4.69
ASAP-0008677,99.5,>,,3.88
ASAP-0008675,13.551,=,2.815,5.48
ASAP-0008672,11.791,=,2.904,5.68
ASAP-0008671,33.323,=,3.106,5.11
ASAP-0008669,19.166,=,2.369,5.52
ASAP-0008667,94.83,=,4.065,4.52
ASAP-0008665,7.72,=,3.08,5.96
ASAP-0008663,99.5,>,,4.74
ASAP-0008661,53.045,=,3.581,4.73
ASAP-0008659,99.5,>,,5.44
ASAP-0008653,9.605,=,3.048,5.67
ASAP-0008652,99.5,>,,4.46
ASAP-0008642,15.148,=,2.69,5.36
ASAP-0008639,17.132,=,2.542,5.5
ASAP-0008638,99.5,>,,4.21
ASAP-0008636,78.462,=,2.66,4.72
ASAP-0008635,99.5,>,,4.21
ASAP-0008634,24.032,=,3.865,5.14
ASAP-0008632,99.5,>,,4.33
ASAP-0008631,41.128,=,3.443,4.92
ASAP-0008629,13.534,=,2.747,5.59
ASAP-0008628,99.5,>,,4
ASAP-0008627,37.523,=,3.163,4.81
ASAP-0008626,99.5,>,,4.67
ASAP-0008625,99.5,>,,4.25
ASAP-0008624,99.5,>,,4.29
ASAP-0008612,99.5,>,,4.34
ASAP-0008611,99.5,>,,4.25
ASAP-0008609,79.71,=,3.423,4.65
ASAP-0008606,21.754,=,3.306,5.24
ASAP-0008605,30.311,=,3.046,5.02
ASAP-0008603,99.5,>,,4.79
ASAP-0008601,99.5,>,,4.25
ASAP-0008599,64.677,=,3.326,4.62
ASAP-0008597,99.5,>,,4.24
ASAP-0008595,19.857,=,2.92,5.38
ASAP-0008593,99.5,>,,4.26
ASAP-0008591,99.5,>,,4.43
ASAP-0008588,94.275,=,4.153,4.48
ASAP-0008586,99.5,>,,4.23
ASAP-0008585,99.5,>,,3.83
ASAP-0008502,5.355,=,2.165,6.2
ASAP-0008501,99.5,>,,4.28
ASAP-0008499,,,,5.59
ASAP-0008499,99.5,>,,5.59
ASAP-0008497,99.5,>,,4.31
ASAP-0008495,99.5,>,,4.34
ASAP-0008493,95.02,=,4.168,4.45
ASAP-0008492,90.17,=,4.008,4.48
ASAP-0008489,5.961,=,2.703,5.92
ASAP-0008488,15.745,=,2.492,5.55
ASAP-0008486,99.5,>,,4.24
ASAP-0008483,99.5,>,,4.52
ASAP-0008481,99.5,>,,4.23
ASAP-0008479,3.233,=,2.637,6.2
ASAP-0008477,99.5,>,,4.33
ASAP-0008475,58.487,=,1.856,5.01
ASAP-0008473,99.5,>,,4.29
ASAP-0008472,99.5,>,,4.28
ASAP-0008470,99.5,>,0.913,4.2
ASAP-0008466,0.396,>,,4.77
ASAP-0008466,48.613,=,3.218,4.77
ASAP-0008462,99.5,>,,3.98
ASAP-0008461,99.5,>,4.18,4.11
ASAP-0008460,99.5,>,15.232,4.17
ASAP-0008459,99.5,>,6.435,7.36
ASAP-0008457,99.5,>,,4.22
ASAP-0008456,99.5,>,,3.49
ASAP-0008455,99.5,>,,4.01
ASAP-0008454,99.5,>,,4.21
ASAP-0008453,99.5,>,2.884,4.58
ASAP-0008452,19.541,=,2.698,5.42
ASAP-0008451,10.975,=,2.954,5.69
ASAP-0008448,99.5,>,,4.27
ASAP-0008442,28.266,=,3.437,5.12
ASAP-0008441,99.5,>,,4.28
ASAP-0008440,99.5,>,,3.51
ASAP-0008439,46.052,=,3.578,4.79
ASAP-0008436,99.5,>,,3.97
ASAP-0008434,99.5,>,,4.15
ASAP-0008433,39.187,=,2.913,5.04
ASAP-0008432,99.5,>,,4.85
ASAP-0008429,99.5,>,0.725,4.27
ASAP-0008428,99.5,>,,3.58
ASAP-0008427,22.723,=,1.839,4.49
ASAP-0008425,99.5,>,0.5,6.61
ASAP-0008424,99.5,>,0.552,4.1
ASAP-0008420,9.419,=,2.952,5.68
ASAP-0008415,99.5,>,,5.24
ASAP-0008412,99.5,>,,4.28
ASAP-0008411,18.896,=,2.901,5.4
ASAP-0008410,99.5,>,,3.87
ASAP-0008409,38.648,=,2.6,4.89
ASAP-0008408,36.47,=,2.684,5.02
ASAP-0008405,22.997,=,3.14,5.2
ASAP-0008404,31.231,=,3.282,5.05
ASAP-0008402,99.5,>,,4.31
ASAP-0008401,12.084,=,2.095,5.89
ASAP-0008394,99.5,>,,4.62
ASAP-0008393,18.213,=,2.699,5.36
ASAP-0008392,40.962,=,3.166,4.94
ASAP-0008388,24.598,=,2.77,5.36
ASAP-0008387,99.5,>,,4.75
ASAP-0008386,99.5,>,,4.33
ASAP-0008385,99.5,>,0.5,4.75
ASAP-0008384,99.5,>,,4.27
ASAP-0008383,99.5,>,,4.08
ASAP-0008382,99.5,>,,4.3
ASAP-0008381,99.5,>,,4.18
ASAP-0008376,99.5,>,,4.76
ASAP-0008375,99.5,>,,4.42
ASAP-0008374,10.004,=,3.231,5.72
ASAP-0008373,21.392,=,3.425,5.26
ASAP-0008372,99.5,>,,3.61
ASAP-0008371,99.5,>,,4.44
ASAP-0008370,99.5,>,,3.9
ASAP-0008369,99.5,>,,4.73
ASAP-0008368,99.5,>,,3.96
ASAP-0008367,99.5,>,,4.4
ASAP-0008366,99.5,>,,4.74
ASAP-0008365,99.5,>,,4.68
ASAP-0008364,25.016,=,3.604,5.16
ASAP-0008363,99.5,>,,4.12
ASAP-0008362,99.5,>,,4.79
ASAP-0008361,99.5,>,,4.95
ASAP-0008360,99.5,>,,4.32
ASAP-0008359,10.005,=,2.11,5.69
ASAP-0008358,99.5,>,,4.38
ASAP-0008357,99.5,>,,4.27
ASAP-0008356,99.5,>,,4.73
ASAP-0008333,99.5,>,,4.68
ASAP-0008332,99.5,>,,4.5
ASAP-0008331,92.852,=,2.354,4.25
ASAP-0008330,19.598,=,2.833,5.42
ASAP-0008329,99.5,>,,4.52
ASAP-0008316,99.5,>,,4.28
ASAP-0008315,12.535,=,1.941,5.05
ASAP-0008314,10.102,=,3.062,5.69
ASAP-0008313,99.5,>,,4.13
ASAP-0008285,21.568,=,3.478,4.86
ASAP-0008284,99.5,>,2.659,4.17
ASAP-0008283,99.5,>,,3.99
ASAP-0008282,99.5,>,,4.94
ASAP-0008269,99.5,>,,4.7
ASAP-0008268,99.5,>,,
ASAP-0008267,99.5,>,,4.25
ASAP-0008266,99.5,>,,4.44
ASAP-0008265,99.5,>,,3.7
ASAP-0008264,99.5,>,,4.37
ASAP-0008261,99.5,>,,4.28
ASAP-0008260,99.5,>,,
ASAP-0008259,2.662,=,2.496,6.34
ASAP-0008259,1.92,=,2.948,6.34
ASAP-0008258,1.993,=,2.518,6.39
ASAP-0008258,1.522,=,3.066,6.39
ASAP-0008257,99.5,>,,4.22
ASAP-0008256,99.5,>,,4.29
ASAP-0008255,99.5,>,,4.91
ASAP-0008254,99.5,>,,
ASAP-0008253,99.5,>,,3.84
ASAP-0008252,99.5,>,,4.31
ASAP-0008251,99.5,>,,4.37
ASAP-0008250,99.5,>,,4.25
ASAP-0008249,99.5,>,,4.21
ASAP-0008248,99.5,>,,19.9
ASAP-0008247,99.5,>,,4.16
ASAP-0008246,99.5,>,,4.2
ASAP-0008245,99.5,>,,4.76
ASAP-0008244,99.5,>,,4.18
ASAP-0000864,99.5,>,,4.21
ASAP-0000863,99.5,>,,4.52
ASAP-0000862,99.5,>,,3.92
ASAP-0000861,99.5,>,,4.18
ASAP-0000860,99.5,>,,4.15
ASAP-0000859,99.5,>,,4.5
ASAP-0000858,99.5,>,,3.65
ASAP-0000857,99.5,>,,4.3
ASAP-0000856,99.5,>,,4.5
ASAP-0000855,99.5,>,,4.31
ASAP-0000854,99.5,>,,
ASAP-0000853,99.5,>,,5.13
ASAP-0000852,99.5,>,,4
ASAP-0000851,99.5,>,,4.21
ASAP-0000850,99.5,>,,4.33
ASAP-0000849,99.5,>,,4.24
ASAP-0000848,99.5,>,,4.12
ASAP-0000847,99.5,>,,4.48
ASAP-0000846,99.5,>,,4.06
ASAP-0000845,99.5,>,,4.21
ASAP-0000844,99.5,>,,4.17
ASAP-0000843,99.5,>,,4.35
ASAP-0000842,99.5,>,,4.33
ASAP-0000841,99.5,>,,4.17
ASAP-0000840,99.5,>,,3.82
ASAP-0000839,99.5,>,,4.15
ASAP-0000838,99.5,>,,3.61
ASAP-0000837,99.5,>,,4.47
ASAP-0000836,99.5,>,,3.9
ASAP-0000835,99.5,>,,4.23
ASAP-0000834,99.5,>,,4.26
ASAP-0000833,99.5,>,,4.37
ASAP-0000832,99.5,>,,4.52
ASAP-0000831,99.5,>,,4.27
ASAP-0000830,99.5,>,,4.19
ASAP-0000829,99.5,>,,4.29
ASAP-0000828,99.5,>,,7.33
ASAP-0000827,99.5,>,,6.25
ASAP-0000826,99.5,>,,
ASAP-0000825,99.5,>,,3.76
ASAP-0000824,99.5,>,,3.58
ASAP-0000823,99.5,>,,4.39
ASAP-0000822,99.5,>,,4.36
ASAP-0000821,99.5,>,,4.08
ASAP-0000820,99.5,>,,4.25
ASAP-0000819,99.5,>,,4.96
ASAP-0000818,99.5,>,,4.21
ASAP-0000817,99.5,>,,4.23
ASAP-0000816,99.5,>,,7.88
ASAP-0000815,99.5,>,,4.38
ASAP-0000814,99.5,>,,
ASAP-0000813,99.5,>,,4.3
ASAP-0000812,99.5,>,,5.23
ASAP-0000811,99.5,>,,4.32
ASAP-0000810,99.5,>,,4.3
ASAP-0000809,99.5,>,,3.66
ASAP-0000808,99.5,>,,3.42
ASAP-0000807,99.5,>,,4.45
ASAP-0000806,99.5,>,,4.24
ASAP-0000805,99.5,>,,4.26
ASAP-0000804,99.5,>,,
ASAP-0000803,99.5,>,,4.19
ASAP-0000802,99.5,>,,4.1
ASAP-0000801,24.22,=,3.013,5.25
ASAP-0000800,99.5,>,,4.29
ASAP-0000799,99.5,>,,3.84
ASAP-0000798,99.5,>,,4.3
ASAP-0000797,99.5,>,,
ASAP-0000796,99.5,>,,4.05
ASAP-0000795,99.5,>,,3.85
ASAP-0000794,99.5,>,,4.16
ASAP-0000775,6.941,=,3.333,6.02
ASAP-0000774,6.188,=,4.411,5.88
ASAP-0000773,27.752,=,4.053,5.08
ASAP-0000772,99.5,>,1.537,4.11
ASAP-0000771,99.5,>,0.863,4.73
ASAP-0000738,,,,5.98
ASAP-0000738,6.672,=,4.048,5.98
ASAP-0000737,99.5,>,,4.15
ASAP-0000735,99.5,>,,4.52
ASAP-0000734,16.186,=,2.809,5.35
ASAP-0000733,0.917,=,3.216,6.69
ASAP-0000733,1.243,=,2.675,6.69
ASAP-0000732,99.5,>,,4.63
ASAP-0000731,99.5,>,,4.88
ASAP-0000730,99.5,>,,4.81
ASAP-0000729,99.5,>,,5
ASAP-0000728,99.5,>,,4.6
ASAP-0000727,99.5,>,,5.63
ASAP-0000726,99.5,>,,4.31
ASAP-0000725,99.5,>,,4.53
ASAP-0000724,99.5,>,,4.35
ASAP-0000723,99.5,>,,5.34
ASAP-0000722,99.5,>,,-14.3
ASAP-0000721,99.5,>,,4.27
ASAP-0000720,99.5,>,,4.62
ASAP-0000719,99.5,>,,4.1
ASAP-0000718,99.5,>,,5.29
ASAP-0000717,99.5,>,,4.54
ASAP-0000716,99.5,>,,4.44
ASAP-0000715,99.5,>,,4.77
ASAP-0000714,99.5,>,,2.43
ASAP-0000713,99.5,>,,3.95
ASAP-0000712,99.5,>,,1.3
ASAP-0000711,99.5,>,,4.95
ASAP-0000710,99.5,>,,4.58
ASAP-0000658,99.5,>,,4.16
ASAP-0000657,99.5,>,,3.95
ASAP-0000656,99.5,>,,3.88
ASAP-0000655,99.5,>,,3.84
ASAP-0000654,0.995,=,3.16,6.6
ASAP-0000654,1.865,=,3.394,6.6
ASAP-0000653,99.5,>,,4.18
ASAP-0000652,28.679,=,3.136,5.12
ASAP-0000651,36.678,=,3.401,5.02
ASAP-0000650,99.5,>,,5.36
ASAP-0000649,99.5,>,,5.01
ASAP-0000648,99.5,>,,5.35
ASAP-0000647,99.5,>,,3.78
ASAP-0000646,99.5,>,,5.33
ASAP-0000645,99.5,>,,4.38
ASAP-0000644,99.5,>,-3.312,4.38
ASAP-0000643,99.5,>,,5.03
ASAP-0000642,99.5,>,,5.06
ASAP-0000641,99.5,>,,4.74
ASAP-0000640,99.5,>,,3.8
ASAP-0000638,99.5,>,,
ASAP-0000637,99.5,>,,4.18
ASAP-0000581,99.5,>,,4.31
ASAP-0000580,,,,5.87
ASAP-0000580,6.161,=,4.057,5.87
ASAP-0000579,99.5,>,,4.67
ASAP-0000578,99.5,>,,4.34
ASAP-0000577,26.483,=,2.446,5.4
ASAP-0000576,99.5,>,,4.3
ASAP-0000575,99.5,>,,4.32
ASAP-0000574,99.5,>,,4.46
ASAP-0000573,87.979,=,1.639,4.32
ASAP-0000544,99.5,>,,3.94
ASAP-0000543,99.5,>,,3.58
ASAP-0000542,70.31,=,3.141,4.74
ASAP-0000541,8.077,=,3.094,5.81
ASAP-0000540,99.5,>,,
ASAP-0000539,99.5,>,,4.34
ASAP-0000538,99.5,>,,5.23
ASAP-0000537,99.5,>,0.5,4.19
ASAP-0000536,99.5,>,,4.43
ASAP-0000535,99.5,>,,4.76
ASAP-0000534,99.5,>,,4.2
ASAP-0000533,99.5,>,,4.31
ASAP-0000532,99.5,>,,
ASAP-0000531,99.5,>,,4.44
ASAP-0000530,99.5,>,,4.33
ASAP-0000529,99.5,>,,4.34
ASAP-0000528,8.58,=,3.142,5.8
ASAP-0000527,99.5,>,,4.36
ASAP-0000526,6.192,=,3.022,5.98
ASAP-0000525,99.5,>,,4.36
ASAP-0000524,99.5,>,,3.85
ASAP-0000523,18.271,=,3.014,5.36
ASAP-0000522,99.5,>,,4.87
ASAP-0000521,99.5,>,,4.72
ASAP-0000520,99.5,>,,4.39
ASAP-0000519,99.5,>,,4.58
ASAP-0000518,99.5,>,,4.02
ASAP-0000517,99.5,>,,5.08
ASAP-0000516,99.5,>,,4.26
ASAP-0000515,99.5,>,,4.25
ASAP-0000514,99.5,>,,5.21
ASAP-0000492,70.88,=,2.057,4.25
ASAP-0000485,99.5,>,,4.31
ASAP-0000484,99.5,>,,4.54
ASAP-0000483,99.5,>,,3.87
ASAP-0000447,97.469,=,2.434,4.85
ASAP-0000447,99.5,>,,4.85
ASAP-0000446,99.5,>,,4.22
ASAP-0000445,99.5,>,,4.55
ASAP-0000444,99.5,>,,5.05
ASAP-0000443,99.5,>,,4.12
ASAP-0000442,99.5,>,,4.28
ASAP-0000441,99.5,>,,4.28
ASAP-0000440,99.5,>,,4.27
ASAP-0000439,99.5,>,,4.09
ASAP-0000438,99.5,>,,4.38
ASAP-0000437,38.351,=,3.184,5.01
ASAP-0000436,99.5,>,,4.28
ASAP-0000435,99.5,>,,4.75
ASAP-0000434,99.5,>,,4.13
ASAP-0000433,99.5,>,,4.3
ASAP-0000432,99.5,>,,4.18
ASAP-0000431,99.5,>,,4.36
ASAP-0000379,99.5,>,,4.02
ASAP-0000378,99.5,>,,4.3
ASAP-0000377,99.5,>,,4.23
ASAP-0000376,99.5,>,,4.25
ASAP-0000375,1.208,=,2.667,6.39
ASAP-0000375,2.509,=,4.082,6.39
ASAP-0000374,8.219,=,3.691,5.88
ASAP-0000373,2.669,=,5.041,6.22
ASAP-0000372,3.354,=,2.215,5.76
ASAP-0000362,99.5,>,,5.01
ASAP-0000275,99.5,>,,4.13
ASAP-0000274,99.5,>,,4.26
ASAP-0000273,99.5,>,,3.96
ASAP-0000272,1.173,=,2.822,6.47
ASAP-0000272,2.531,=,3.303,6.47
ASAP-0000271,99.5,>,,4.31
ASAP-0000270,99.5,>,,4.52
ASAP-0000269,99.5,>,,4.94
ASAP-0000256,99.5,>,,
ASAP-0000241,99.5,>,,4.71
ASAP-0000240,99.5,>,,4.23
ASAP-0000239,99.5,>,,4.28
ASAP-0000238,99.5,>,,4.41
ASAP-0000237,99.5,>,,4.27
ASAP-0000236,99.5,>,,4.24
ASAP-0000235,99.5,>,,4.3
ASAP-0000234,99.5,>,,4.2
ASAP-0000233,99.5,>,,4.25
ASAP-0000232,99.5,>,,4.22
ASAP-0000231,99.5,>,,4.21
ASAP-0000230,99.5,>,,4.29
ASAP-0000229,99.5,>,,3.95
ASAP-0000228,99.5,>,,4.23
ASAP-0000227,7.709,=,3.274,5.8
ASAP-0000226,9.95,>,,5.45
ASAP-0000226,21.204,=,3.497,5.45
ASAP-0000225,99.5,>,,5.77
ASAP-0000224,99.5,>,,5.69
ASAP-0000223,6.847,=,4.726,5.79
ASAP-0000222,6.11,=,5.364,5.96
ASAP-0000221,10.721,=,3.379,5.67
ASAP-0000220,6.608,=,4.974,5.87
ASAP-0000219,9.95,>,,5.64
ASAP-0000219,19.388,=,2.194,5.64
ASAP-0000218,9.95,>,,6.02
ASAP-0000218,99.5,>,,6.02
ASAP-0000217,6.552,=,4.801,5.78
ASAP-0000216,5.391,=,3.77,6.04
ASAP-0000215,7.612,=,2.249,6.03
ASAP-0000214,16.046,=,3.465,5.28
ASAP-0000213,99.5,>,,5.8
ASAP-0000212,6.692,=,2.798,6.04
ASAP-0000211,5.857,=,2.92,5.99
ASAP-0000210,99.5,>,,5.68
ASAP-0000209,99.5,>,,5.64
ASAP-0000208,8.476,=,3.446,5.65
ASAP-0000207,9.044,=,3.691,5.72
ASAP-0000206,99.5,>,,5.26
ASAP-0000205,6.226,=,5.361,5.95
ASAP-0000204,4.975,>,,5.75
ASAP-0000204,99.5,>,,5.75
ASAP-0000187,99.5,>,,3.94
ASAP-0000186,99.5,>,,4.28
ASAP-0000185,37.979,=,3.75,5.02
ASAP-0000184,99.5,>,,5.11
ASAP-0000183,99.5,>,,4.76
ASAP-0000182,99.5,>,,4.34
ASAP-0000181,99.5,>,,4.69
ASAP-0000180,99.5,>,,4.57
ASAP-0000179,99.5,>,,4.29
ASAP-0000178,99.5,>,,4.26
ASAP-0000176,99.5,>,,5.16
ASAP-0000176,9.99,>,,5.16
ASAP-0000175,12.44,<,0.86,5.52
ASAP-0000175,1.936,=,3.539,5.52
ASAP-0000174,99.5,>,,4.06
ASAP-0000174,9.99,>,,4.06
ASAP-0000173,15.791,=,1.161,5.18
ASAP-0000173,9.99,>,,5.18
ASAP-0000172,99.5,>,,4.68
ASAP-0000172,9.99,>,,4.68
ASAP-0000171,40.502,=,1.711,5.04
ASAP-0000171,9.99,>,,5.04
ASAP-0000170,99.5,>,,5.04
ASAP-0000170,9.99,>,,5.04
ASAP-0000169,,,,5.22
ASAP-0000169,9.99,>,,5.22
ASAP-0000168,,,,5.36
ASAP-0000168,9.99,>,,5.36
ASAP-0000167,12.44,<,0.769,5.32
ASAP-0000167,9.99,>,,5.32
ASAP-0000166,99.5,>,,5.26
ASAP-0000166,9.99,>,,5.26
ASAP-0000165,99.5,>,,4.99
ASAP-0000165,9.99,>,,4.99
ASAP-0000164,12.44,<,0.558,5.27
ASAP-0000164,9.99,>,,5.27
ASAP-0000163,9.95,>,,5.22
ASAP-0000163,99.5,>,1.15,5.22
ASAP-0000163,9.99,>,,5.22
ASAP-0000162,9.95,>,,5.52
ASAP-0000162,,,,5.52
ASAP-0000162,9.99,>,,5.52
ASAP-0000161,,,,5.38
ASAP-0000161,9.99,>,,5.38
ASAP-0000160,,,,5.4
ASAP-0000160,9.99,>,,5.4
ASAP-0000159,99.5,>,,5.31
ASAP-0000159,9.99,>,,5.31
ASAP-0000158,,,,5.45
ASAP-0000158,9.99,>,,5.45
ASAP-0000157,12.44,<,0.5,5.37
ASAP-0000157,9.99,>,,5.37
ASAP-0000156,38.082,=,2.227,5.05
ASAP-0000156,9.99,>,,5.05
ASAP-0000155,,,,4.84
ASAP-0000155,9.99,>,,4.84
ASAP-0000154,99.5,>,,4.99
ASAP-0000154,9.99,>,,4.99
ASAP-0000153,2.124,=,1.965,6.5
ASAP-0000153,1.403,=,2.052,6.5
ASAP-0000153,4.862,=,1.855,6.5
ASAP-0000153,3.232,=,2.017,6.5
ASAP-0000153,2.464,=,1.799,6.5
ASAP-0000153,2.214,=,2.584,6.5
ASAP-0000153,2.467,=,25.153,6.5
ASAP-0000153,,,,6.5
ASAP-0000153,2.758,=,2.47,6.5
ASAP-0000153,1.72,=,2.305,6.5
ASAP-0000153,1.545,=,2.233,6.5
ASAP-0000153,1.58,=,2.365,6.5
ASAP-0000153,1.531,=,2.492,6.5
ASAP-0000153,2,=,2.52,6.5
ASAP-0000153,2.456,=,2.972,6.5
ASAP-0000153,1.298,=,2.311,6.5
ASAP-0000153,1.274,=,2.08,6.5
ASAP-0000153,1.366,=,2.196,6.5
ASAP-0000153,1.039,=,2.047,6.5
ASAP-0000153,2.012,=,2.333,6.5
ASAP-0000153,2.386,=,2.455,6.5
ASAP-0000153,5.503,=,1.892,6.5
ASAP-0000153,2.199,=,2.715,6.5
ASAP-0000153,2.281,=,2.669,6.5
ASAP-0000153,2.416,=,3.144,6.5
ASAP-0000153,2.631,=,2.879,6.5
ASAP-0000153,1.917,=,2.712,6.5
ASAP-0000153,0.396,>,,6.5
ASAP-0000153,0.1,>,,6.5
ASAP-0000153,2.382,=,2.961,6.5
ASAP-0000153,2.716,=,3.775,6.5
ASAP-0000153,2.341,=,2.811,6.5
ASAP-0000153,3.985,=,2.035,6.5
ASAP-0000153,,,,6.5
ASAP-0000153,1.424,=,2.587,6.5
ASAP-0000153,1.49,=,1.851,6.5
ASAP-0000153,1.949,=,2.652,6.5
ASAP-0000153,1.564,=,2.312,6.5
ASAP-0000153,1.653,=,2.097,6.5
ASAP-0000153,0.918,=,2.291,6.5
ASAP-0000153,1.492,=,2.584,6.5
ASAP-0000153,1.937,=,2.667,6.5
ASAP-0000153,2.185,=,2.836,6.5
ASAP-0000153,2.776,=,2.389,6.5
ASAP-0000153,1.227,=,2.34,6.5
ASAP-0000153,2.39,=,2.52,6.5
ASAP-0000153,1.716,=,2.432,6.5
ASAP-0000153,2.062,=,2.519,6.5
ASAP-0000153,3.847,=,2.056,6.5
ASAP-0000153,2.248,=,2.426,6.5
ASAP-0000153,4.673,=,2.104,6.5
ASAP-0000153,5.272,=,2.072,6.5
ASAP-0000153,2.101,=,2.667,6.5
ASAP-0000153,2.659,=,2.375,6.5
ASAP-0000153,2.762,=,2.29,6.5
ASAP-0000153,3.075,=,2.689,6.5
ASAP-0000153,1.929,=,2.517,6.5
ASAP-0000153,2.202,=,2.302,6.5
ASAP-0000153,6.362,=,2.722,6.5
ASAP-0000153,5.43,=,2.912,6.5
ASAP-0000153,3.183,=,2.242,6.5
ASAP-0000153,2.388,=,3.307,6.5
ASAP-0000153,3.624,=,2.241,6.5
ASAP-0000153,12.44,<,0.675,6.5
ASAP-0000153,2.037,=,3,6.5
ASAP-0000152,99.5,>,,4.8
ASAP-0000152,9.99,>,,4.8
ASAP-0000151,99.5,>,,4.69
ASAP-0000151,9.99,>,,4.69
ASAP-0000150,99.5,>,,4.84
ASAP-0000150,9.99,>,,4.84
ASAP-0000149,99.5,>,,8.16
ASAP-0000149,9.99,>,,8.16
ASAP-0000148,99.5,>,,4.54
ASAP-0000148,9.99,>,,4.54
ASAP-0000147,99.5,>,,4.81
ASAP-0000147,9.99,>,,4.81
ASAP-0000146,99.5,>,,4.88
ASAP-0000146,9.99,>,,4.88
ASAP-0000145,,,,4.81
ASAP-0000145,9.99,>,,4.81
ASAP-0000144,,,,4.9
ASAP-0000144,9.99,>,,4.9
ASAP-0000143,99.5,>,,4.73
ASAP-0000143,9.99,>,,4.73
ASAP-0000142,99.5,>,,4.92
ASAP-0000142,9.99,>,,4.92
ASAP-0000141,99.5,>,,4.19
ASAP-0000141,9.99,>,,4.19