Plate,Enzyme (nM),Substrate (nM),Inhibitor (nM),Inhibitor_ID,v (nM.min^{-1})
2023-03-24-3E_8S.xlsx,25,1350,0,,0.441959369
2023-03-24-3E_8S.xlsx,25,1350,0,,0.511060508
2023-03-24-3E_8S.xlsx,25,1150,0,,0.401140971
2023-03-24-3E_8S.xlsx,25,1150,0,,0.50550141
2023-03-24-3E_8S.xlsx,25,950,0,,0.356291674
2023-03-24-3E_8S.xlsx,25,950,0,,0.384773746
2023-03-24-3E_8S.xlsx,25,750,0,,0.333656622
2023-03-24-3E_8S.xlsx,25,750,0,,0.313369236
2023-03-24-3E_8S.xlsx,25,550,0,,0.252551375
2023-03-24-3E_8S.xlsx,25,550,0,,0.233282788
2023-03-24-3E_8S.xlsx,25,350,0,,0.130361957
2023-03-24-3E_8S.xlsx,25,350,0,,0.141524448
2023-03-24-3E_8S.xlsx,25,150,0,,0.094438223
2023-03-24-3E_8S.xlsx,25,150,0,,0.100595312
2023-03-24-3E_8S.xlsx,25,50,0,,0.023033713
2023-03-24-3E_8S.xlsx,25,50,0,,0.02538138
2023-03-24-3E_8S.xlsx,25,1350,0,,0.486520744
2023-03-24-3E_8S.xlsx,25,1350,0,,0.519831037
2023-03-24-3E_8S.xlsx,25,1150,0,,0.44003251
2023-03-24-3E_8S.xlsx,25,1150,0,,0.480740168
2023-03-24-3E_8S.xlsx,25,950,0,,0.365283682
2023-03-24-3E_8S.xlsx,25,950,0,,0.404662472
2023-03-24-3E_8S.xlsx,25,750,0,,0.315362538
2023-03-24-3E_8S.xlsx,25,750,0,,0.233991517
2023-03-24-3E_8S.xlsx,25,550,0,,0.254677563
2023-03-24-3E_8S.xlsx,25,550,0,,0.244046619
2023-03-24-3E_8S.xlsx,25,350,0,,0.137892209
2023-03-24-3E_8S.xlsx,25,350,0,,0.130982095
2023-03-24-3E_8S.xlsx,25,150,0,,0.097007368
2023-03-24-3E_8S.xlsx,25,150,0,,0.099044966
2023-03-24-3E_8S.xlsx,25,50,0,,0.022856531
2023-03-24-3E_8S.xlsx,25,50,0,,0.022192097
2023-03-24-3E_8S.xlsx,25,1350,0,,0.530860642
2023-03-24-3E_8S.xlsx,25,1350,0,,0.526563968
2023-03-24-3E_8S.xlsx,25,1150,0,,0.437551956
2023-03-24-3E_8S.xlsx,25,1150,0,,0.503995359
2023-03-24-3E_8S.xlsx,25,950,0,,0.368162896
2023-03-24-3E_8S.xlsx,25,950,0,,0.359480958
2023-03-24-3E_8S.xlsx,25,750,0,,0.531126415
2023-03-24-3E_8S.xlsx,25,750,0,,0.336535836
2023-03-24-3E_8S.xlsx,25,550,0,,0.281077742
2023-03-24-3E_8S.xlsx,25,550,0,,0.230049209
2023-03-24-3E_8S.xlsx,25,350,0,,0.140284171
2023-03-24-3E_8S.xlsx,25,350,0,,0.142631838
2023-03-24-3E_8S.xlsx,25,150,0,,0.091470418
2023-03-24-3E_8S.xlsx,25,150,0,,0.100595312
2023-03-24-3E_8S.xlsx,25,50,0,,0.023033713
2023-03-24-3E_8S.xlsx,25,50,0,,0.027286091
2023-03-24-3E_8S.xlsx,50,1350,0,,1.06568574
2023-03-24-3E_8S.xlsx,50,1350,0,,1.071621351
2023-03-24-3E_8S.xlsx,50,1150,0,,0.940174152
2023-03-24-3E_8S.xlsx,50,1150,0,,0.884716058
2023-03-24-3E_8S.xlsx,50,950,0,,0.767487747
2023-03-24-3E_8S.xlsx,50,950,0,,0.868791789
2023-03-24-3E_8S.xlsx,50,750,0,,0.665209202
2023-03-24-3E_8S.xlsx,50,750,0,,0.778783126
2023-03-24-3E_8S.xlsx,50,550,0,,0.604524228
2023-03-24-3E_8S.xlsx,50,550,0,,0.468182365
2023-03-24-3E_8S.xlsx,50,350,0,,0.294742935
2023-03-24-3E_8S.xlsx,50,350,0,,0.281409959
2023-03-24-3E_8S.xlsx,50,150,0,,0.190205315
2023-03-24-3E_8S.xlsx,50,150,0,,0.187060327
2023-03-24-3E_8S.xlsx,50,50,0,,0.04673186
2023-03-24-3E_8S.xlsx,50,50,0,,0.046598973
2023-03-24-3E_8S.xlsx,50,1350,0,,1.049695028
2023-03-24-3E_8S.xlsx,50,1350,0,,1.056295072
2023-03-24-3E_8S.xlsx,50,1150,0,,0.897030235
2023-03-24-3E_8S.xlsx,50,1150,0,,0.999220189
2023-03-24-3E_8S.xlsx,50,950,0,,0.764608533
2023-03-24-3E_8S.xlsx,50,950,0,,0.759071583
2023-03-24-3E_8S.xlsx,50,750,0,,0.671764952
2023-03-24-3E_8S.xlsx,50,750,0,,0.627513645
2023-03-24-3E_8S.xlsx,50,550,0,,0.467739409
2023-03-24-3E_8S.xlsx,50,550,0,,0.479699221
2023-03-24-3E_8S.xlsx,50,350,0,,0.298951018
2023-03-24-3E_8S.xlsx,50,350,0,,0.289870419
2023-03-24-3E_8S.xlsx,50,150,0,,0.192021435
2023-03-24-3E_8S.xlsx,50,150,0,,0.187281805
2023-03-24-3E_8S.xlsx,50,50,0,,0.045580174
2023-03-24-3E_8S.xlsx,50,50,0,,0.046643269
2023-03-24-3E_8S.xlsx,50,1350,0,,1.056206481
2023-03-24-3E_8S.xlsx,50,1350,0,,1.05611789
2023-03-24-3E_8S.xlsx,50,1150,0,,0.913685382
2023-03-24-3E_8S.xlsx,50,1150,0,,0.950317845
2023-03-24-3E_8S.xlsx,50,950,0,,0.8787583
2023-03-24-3E_8S.xlsx,50,950,0,,0.756502438
2023-03-24-3E_8S.xlsx,50,750,0,,0.65878634
2023-03-24-3E_8S.xlsx,50,750,0,,0.667202505
2023-03-24-3E_8S.xlsx,50,550,0,,0.481869706
2023-03-24-3E_8S.xlsx,50,550,0,,0.490728826
2023-03-24-3E_8S.xlsx,50,350,0,,0.294565753
2023-03-24-3E_8S.xlsx,50,350,0,,0.298773835
2023-03-24-3E_8S.xlsx,50,150,0,,0.192420095
2023-03-24-3E_8S.xlsx,50,150,0,,0.194413397
2023-03-24-3E_8S.xlsx,50,50,0,,0.049921143
2023-03-24-3E_8S.xlsx,50,50,0,,0.04744059
2023-03-24-3E_8S.xlsx,100,1350,0,,1.327029791
2023-03-24-3E_8S.xlsx,100,1350,0,,1.268338119
2023-03-24-3E_8S.xlsx,100,1150,0,,1.277042205
2023-03-24-3E_8S.xlsx,100,1150,0,,1.277883821
2023-03-24-3E_8S.xlsx,100,950,0,,0.992642292
2023-03-24-3E_8S.xlsx,100,950,0,,0.966286409
2023-03-24-3E_8S.xlsx,100,750,0,,0.850630592
2023-03-24-3E_8S.xlsx,100,750,0,,0.811030324
2023-03-24-3E_8S.xlsx,100,550,0,,0.61276321
2023-03-24-3E_8S.xlsx,100,550,0,,0.591191252
2023-03-24-3E_8S.xlsx,100,350,0,,0.383555617
2023-03-24-3E_8S.xlsx,100,350,0,,0.352017149
2023-03-24-3E_8S.xlsx,100,150,0,,0.243714402
2023-03-24-3E_8S.xlsx,100,150,0,,0.234678099
2023-03-24-3E_8S.xlsx,100,50,0,,0.061349409
2023-03-24-3E_8S.xlsx,100,50,0,,0.059267515
2023-03-24-3E_8S.xlsx,100,1350,0,,1.326719722
2023-03-24-3E_8S.xlsx,100,1350,0,,1.29048592
2023-03-24-3E_8S.xlsx,100,1150,0,,1.314383397
2023-03-24-3E_8S.xlsx,100,1150,0,,1.231240552
2023-03-24-3E_8S.xlsx,100,950,0,,1.090225503
2023-03-24-3E_8S.xlsx,100,950,0,,1.076981118
2023-03-24-3E_8S.xlsx,100,750,0,,0.937981519
2023-03-24-3E_8S.xlsx,100,750,0,,1.158883686
2023-03-24-3E_8S.xlsx,100,550,0,,0.787465064
2023-03-24-3E_8S.xlsx,100,550,0,,0.68819862
2023-03-24-3E_8S.xlsx,100,350,0,,0.381960976
2023-03-24-3E_8S.xlsx,100,350,0,,0.424972005
2023-03-24-3E_8S.xlsx,100,150,0,,0.253680912
2023-03-24-3E_8S.xlsx,100,150,0,,0.237955974
2023-03-24-3E_8S.xlsx,100,50,0,,0.059666176
2023-03-24-3E_8S.xlsx,100,50,0,,0.062323912
2023-03-24-3E_8S.xlsx,100,1350,0,,1.385101326
2023-03-24-3E_8S.xlsx,100,1350,0,,1.289732895
2023-03-24-3E_8S.xlsx,100,1150,0,,1.289622156
2023-03-24-3E_8S.xlsx,100,1150,0,,1.250642026
2023-03-24-3E_8S.xlsx,100,950,0,,1.001678595
2023-03-24-3E_8S.xlsx,100,950,0,,0.962609874
2023-03-24-3E_8S.xlsx,100,750,0,,0.846998353
2023-03-24-3E_8S.xlsx,100,750,0,,0.792869127
2023-03-24-3E_8S.xlsx,100,550,0,,0.61316187
2023-03-24-3E_8S.xlsx,100,550,0,,0.582199244
2023-03-24-3E_8S.xlsx,100,350,0,,0.417087388
2023-03-24-3E_8S.xlsx,100,350,0,,0.362426615
2023-03-24-3E_8S.xlsx,100,150,0,,0.265242065
2023-03-24-3E_8S.xlsx,100,150,0,,0.243980176
2023-03-24-3E_8S.xlsx,100,50,0,,0.068436705
2023-03-24-3E_8S.xlsx,100,50,0,,0.059488993
2023-05-18-E100_S1350_CRC.xlsx,100,1350,0,,1.231160869
2023-05-18-E100_S1350_CRC.xlsx,100,1350,0,,1.144882873
2023-05-18-E100_S1350_CRC.xlsx,100,1350,0,,1.229492579
2023-05-18-E100_S1350_CRC.xlsx,100,1350,0,,1.1916946
2023-05-18-E100_S1350_CRC.xlsx,100,1350,0,,1.184249543
2023-05-18-E100_S1350_CRC.xlsx,100,1350,0,,1.173393206
2023-05-18-E100_S1350_CRC.xlsx,100,1350,0,,1.226753595
2023-05-18-E100_S1350_CRC.xlsx,100,1350,0,,1.168313636
2023-05-18-E100_S1350_CRC.xlsx,100,1350,0,,1.210693189
2023-05-18-E100_S1350_CRC.xlsx,100,1350,0,,1.157432399
2023-05-18-E100_S1350_CRC.xlsx,100,1350,0,,1.212834576
2023-05-18-E100_S1350_CRC.xlsx,100,1350,0,,1.184448742
2023-05-18-E100_S1350_CRC.xlsx,100,1350,0,,1.205190321
2023-05-18-E100_S1350_CRC.xlsx,100,1350,0,,1.184100144
2023-05-18-E100_S1350_CRC.xlsx,100,1350,0,,1.228745583
2023-05-18-E100_S1350_CRC.xlsx,100,1350,0,,1.228645984
2023-05-18-E100_S1350_CRC.xlsx,100,1350,99500,ASAP-0000153-001,0.108700316
2023-05-18-E100_S1350_CRC.xlsx,100,1350,49750,ASAP-0000153-001,0.019235138
2023-05-18-E100_S1350_CRC.xlsx,100,1350,24880,ASAP-0000153-001,0.094880897
2023-05-18-E100_S1350_CRC.xlsx,100,1350,12440,ASAP-0000153-001,0.135716658
2023-05-18-E100_S1350_CRC.xlsx,100,1350,7463,ASAP-0000153-001,0.21268211
2023-05-18-E100_S1350_CRC.xlsx,100,1350,2488,ASAP-0000153-001,0.408170869
2023-05-18-E100_S1350_CRC.xlsx,100,1350,1552,ASAP-0000153-001,0.599003356
2023-05-18-E100_S1350_CRC.xlsx,100,1350,776,ASAP-0000153-001,0.972675477
2023-05-18-E100_S1350_CRC.xlsx,100,1350,388,ASAP-0000153-001,1.662924351
2023-05-18-E100_S1350_CRC.xlsx,100,1350,194,ASAP-0000153-001,2.598860092
2023-05-18-E100_S1350_CRC.xlsx,100,1350,100,ASAP-0000153-001,3.037720033
2023-05-18-E100_S1350_CRC.xlsx,100,1350,50,ASAP-0000153-001,2.58904955
2023-05-18-E100_S1350_CRC.xlsx,100,1350,99500,ASAP-0000214-001,0.074214017
2023-05-18-E100_S1350_CRC.xlsx,100,1350,49750,ASAP-0000214-001,0.143136815
2023-05-18-E100_S1350_CRC.xlsx,100,1350,24880,ASAP-0000214-001,0.335737192
2023-05-18-E100_S1350_CRC.xlsx,100,1350,12440,ASAP-0000214-001,0.656098723
2023-05-18-E100_S1350_CRC.xlsx,100,1350,7463,ASAP-0000214-001,0.917821097
2023-05-18-E100_S1350_CRC.xlsx,100,1350,2488,ASAP-0000214-001,2.030869505
2023-05-18-E100_S1350_CRC.xlsx,100,1350,1552,ASAP-0000214-001,2.842305972
2023-05-18-E100_S1350_CRC.xlsx,100,1350,776,ASAP-0000214-001,2.958264596
2023-05-18-E100_S1350_CRC.xlsx,100,1350,388,ASAP-0000214-001,2.462558287
2023-05-18-E100_S1350_CRC.xlsx,100,1350,194,ASAP-0000214-001,1.902112356
2023-05-18-E100_S1350_CRC.xlsx,100,1350,100,ASAP-0000214-001,1.602741402
2023-05-18-E100_S1350_CRC.xlsx,100,1350,50,ASAP-0000214-001,1.395549711
2023-05-18-E100_S1350_CRC.xlsx,100,1350,99500,ASAP-0000223-001,0.089776426
2023-05-18-E100_S1350_CRC.xlsx,100,1350,49750,ASAP-0000223-001,0.093835103
2023-05-18-E100_S1350_CRC.xlsx,100,1350,24880,ASAP-0000223-001,0.141941622
2023-05-18-E100_S1350_CRC.xlsx,100,1350,12440,ASAP-0000223-001,0.236884768
2023-05-18-E100_S1350_CRC.xlsx,100,1350,7463,ASAP-0000223-001,0.375327961
2023-05-18-E100_S1350_CRC.xlsx,100,1350,2488,ASAP-0000223-001,0.973347773
2023-05-18-E100_S1350_CRC.xlsx,100,1350,1552,ASAP-0000223-001,1.676594371
2023-05-18-E100_S1350_CRC.xlsx,100,1350,776,ASAP-0000223-001,2.640567349
2023-05-18-E100_S1350_CRC.xlsx,100,1350,388,ASAP-0000223-001,2.988891418
2023-05-18-E100_S1350_CRC.xlsx,100,1350,194,ASAP-0000223-001,2.415348163
2023-05-18-E100_S1350_CRC.xlsx,100,1350,100,ASAP-0000223-001,2.00938093
2023-05-18-E100_S1350_CRC.xlsx,100,1350,50,ASAP-0000223-001,1.606127782
2023-05-18-E100_S1350_CRC.xlsx,100,1350,99500,ASAP-0000272-001,0.016595753
2023-05-18-E100_S1350_CRC.xlsx,100,1350,49750,ASAP-0000272-001,0.008080003
2023-05-18-E100_S1350_CRC.xlsx,100,1350,24880,ASAP-0000272-001,0.039727718
2023-05-18-E100_S1350_CRC.xlsx,100,1350,12440,ASAP-0000272-001,0.062560885
2023-05-18-E100_S1350_CRC.xlsx,100,1350,7463,ASAP-0000272-001,0.109497111
2023-05-18-E100_S1350_CRC.xlsx,100,1350,2488,ASAP-0000272-001,0.254713064
2023-05-18-E100_S1350_CRC.xlsx,100,1350,1552,ASAP-0000272-001,0.41312594
2023-05-18-E100_S1350_CRC.xlsx,100,1350,776,ASAP-0000272-001,0.73722245
2023-05-18-E100_S1350_CRC.xlsx,100,1350,388,ASAP-0000272-001,1.414822198
2023-05-18-E100_S1350_CRC.xlsx,100,1350,194,ASAP-0000272-001,2.318736726
2023-05-18-E100_S1350_CRC.xlsx,100,1350,100,ASAP-0000272-001,3.069591847
2023-05-18-E100_S1350_CRC.xlsx,100,1350,50,ASAP-0000272-001,2.801694309
2023-05-18-E100_S1350_CRC.xlsx,100,1350,99500,ASAP-0000577-001,0.530678155
2023-05-18-E100_S1350_CRC.xlsx,100,1350,49750,ASAP-0000577-001,0.256530754
2023-05-18-E100_S1350_CRC.xlsx,100,1350,24880,ASAP-0000577-001,0.421915589
2023-05-18-E100_S1350_CRC.xlsx,100,1350,12440,ASAP-0000577-001,0.638345127
2023-05-18-E100_S1350_CRC.xlsx,100,1350,7463,ASAP-0000577-001,0.960599047
2023-05-18-E100_S1350_CRC.xlsx,100,1350,2488,ASAP-0000577-001,2.014809099
2023-05-18-E100_S1350_CRC.xlsx,100,1350,1552,ASAP-0000577-001,2.847559842
2023-05-18-E100_S1350_CRC.xlsx,100,1350,776,ASAP-0000577-001,3.107066128
2023-05-18-E100_S1350_CRC.xlsx,100,1350,388,ASAP-0000577-001,2.52040065
2023-05-18-E100_S1350_CRC.xlsx,100,1350,194,ASAP-0000577-001,1.95808723
2023-05-18-E100_S1350_CRC.xlsx,100,1350,100,ASAP-0000577-001,1.665215138
2023-05-18-E100_S1350_CRC.xlsx,100,1350,50,ASAP-0000577-001,1.426724329
2023-05-18-E100_S1350_CRC.xlsx,100,1350,99500,ASAP-0000654-001,-0.062610685
2023-05-18-E100_S1350_CRC.xlsx,100,1350,49750,ASAP-0000654-001,-0.038283527
2023-05-18-E100_S1350_CRC.xlsx,100,1350,24880,ASAP-0000654-001,0.01198928
2023-05-18-E100_S1350_CRC.xlsx,100,1350,12440,ASAP-0000654-001,0.054119834
2023-05-18-E100_S1350_CRC.xlsx,100,1350,7463,ASAP-0000654-001,0.064602673
2023-05-18-E100_S1350_CRC.xlsx,100,1350,2488,ASAP-0000654-001,0.175680925
2023-05-18-E100_S1350_CRC.xlsx,100,1350,1552,ASAP-0000654-001,0.32575235
2023-05-18-E100_S1350_CRC.xlsx,100,1350,776,ASAP-0000654-001,0.615885458
2023-05-18-E100_S1350_CRC.xlsx,100,1350,388,ASAP-0000654-001,1.289974326
2023-05-18-E100_S1350_CRC.xlsx,100,1350,194,ASAP-0000654-001,2.376678688
2023-05-18-E100_S1350_CRC.xlsx,100,1350,100,ASAP-0000654-001,3.005051423
2023-05-18-E100_S1350_CRC.xlsx,100,1350,50,ASAP-0000654-001,2.585439071
2023-05-18-E100_S1350_CRC.xlsx,100,1350,99500,ASAP-0000733-001,0.007831004
2023-05-18-E100_S1350_CRC.xlsx,100,1350,49750,ASAP-0000733-001,0.011740282
2023-05-18-E100_S1350_CRC.xlsx,100,1350,24880,ASAP-0000733-001,0.033577454
2023-05-18-E100_S1350_CRC.xlsx,100,1350,12440,ASAP-0000733-001,0.039702818
2023-05-18-E100_S1350_CRC.xlsx,100,1350,7463,ASAP-0000733-001,0.06863645
2023-05-18-E100_S1350_CRC.xlsx,100,1350,2488,ASAP-0000733-001,0.175954824
2023-05-18-E100_S1350_CRC.xlsx,100,1350,1552,ASAP-0000733-001,0.302670185
2023-05-18-E100_S1350_CRC.xlsx,100,1350,776,ASAP-0000733-001,0.58809722
2023-05-18-E100_S1350_CRC.xlsx,100,1350,388,ASAP-0000733-001,1.113982153
2023-05-18-E100_S1350_CRC.xlsx,100,1350,194,ASAP-0000733-001,1.925991317
2023-05-18-E100_S1350_CRC.xlsx,100,1350,100,ASAP-0000733-001,2.938070814
2023-05-18-E100_S1350_CRC.xlsx,100,1350,50,ASAP-0000733-001,2.834014321
2023-05-18-E100_S1350_CRC.xlsx,100,1350,99500,ASAP-0000773-001,0.153843753
2023-05-18-E100_S1350_CRC.xlsx,100,1350,49750,ASAP-0000773-001,0.266540495
2023-05-18-E100_S1350_CRC.xlsx,100,1350,24880,ASAP-0000773-001,0.503562213
2023-05-18-E100_S1350_CRC.xlsx,100,1350,12440,ASAP-0000773-001,0.853977869
2023-05-18-E100_S1350_CRC.xlsx,100,1350,7463,ASAP-0000773-001,1.322667836
2023-05-18-E100_S1350_CRC.xlsx,100,1350,2488,ASAP-0000773-001,2.623012951
2023-05-18-E100_S1350_CRC.xlsx,100,1350,1552,ASAP-0000773-001,3.131467986
2023-05-18-E100_S1350_CRC.xlsx,100,1350,776,ASAP-0000773-001,2.632823494
2023-05-18-E100_S1350_CRC.xlsx,100,1350,388,ASAP-0000773-001,2.158431461
2023-05-18-E100_S1350_CRC.xlsx,100,1350,194,ASAP-0000773-001,1.726867178
2023-05-18-E100_S1350_CRC.xlsx,100,1350,100,ASAP-0000773-001,1.517708398
2023-05-18-E100_S1350_CRC.xlsx,100,1350,50,ASAP-0000773-001,1.378742309
2023-05-18-E100_S1350_CRC.xlsx,100,1350,99500,ASAP-0008374-001,6.22496E-05
2023-05-18-E100_S1350_CRC.xlsx,100,1350,49750,ASAP-0008374-001,0.052426644
2023-05-18-E100_S1350_CRC.xlsx,100,1350,24880,ASAP-0008374-001,0.116842569
2023-05-18-E100_S1350_CRC.xlsx,100,1350,12440,ASAP-0008374-001,0.238901657
2023-05-18-E100_S1350_CRC.xlsx,100,1350,7463,ASAP-0008374-001,0.398509726
2023-05-18-E100_S1350_CRC.xlsx,100,1350,2488,ASAP-0008374-001,1.000389015
2023-05-18-E100_S1350_CRC.xlsx,100,1350,1552,ASAP-0008374-001,1.60480809
2023-05-18-E100_S1350_CRC.xlsx,100,1350,776,ASAP-0008374-001,2.504439843
2023-05-18-E100_S1350_CRC.xlsx,100,1350,388,ASAP-0008374-001,3.08109558
2023-05-18-E100_S1350_CRC.xlsx,100,1350,194,ASAP-0008374-001,2.571022055
2023-05-18-E100_S1350_CRC.xlsx,100,1350,100,ASAP-0008374-001,2.157460367
2023-05-18-E100_S1350_CRC.xlsx,100,1350,50,ASAP-0008374-001,1.686753512
2023-05-18-E100_S1350_CRC.xlsx,100,1350,99500,ASAP-0008401-001,0.087958737
2023-05-18-E100_S1350_CRC.xlsx,100,1350,49750,ASAP-0008401-001,0.143759312
2023-05-18-E100_S1350_CRC.xlsx,100,1350,24880,ASAP-0008401-001,0.235216478
2023-05-18-E100_S1350_CRC.xlsx,100,1350,12440,ASAP-0008401-001,0.375950457
2023-05-18-E100_S1350_CRC.xlsx,100,1350,7463,ASAP-0008401-001,0.494473766
2023-05-18-E100_S1350_CRC.xlsx,100,1350,2488,ASAP-0008401-001,1.023844679
2023-05-18-E100_S1350_CRC.xlsx,100,1350,1552,ASAP-0008401-001,1.571168386
2023-05-18-E100_S1350_CRC.xlsx,100,1350,776,ASAP-0008401-001,2.445252888
2023-05-18-E100_S1350_CRC.xlsx,100,1350,388,ASAP-0008401-001,3.024348811
2023-05-18-E100_S1350_CRC.xlsx,100,1350,194,ASAP-0008401-001,2.457105219
2023-05-18-E100_S1350_CRC.xlsx,100,1350,100,ASAP-0008401-001,2.014336002
2023-05-18-E100_S1350_CRC.xlsx,100,1350,50,ASAP-0008401-001,1.608518168
2023-05-18-E100_S1350_CRC.xlsx,100,1350,99500,ASAP-0008420-001,0.029817576
2023-05-18-E100_S1350_CRC.xlsx,100,1350,49750,ASAP-0008420-001,0.083352264
2023-05-18-E100_S1350_CRC.xlsx,100,1350,24880,ASAP-0008420-001,0.165745883
2023-05-18-E100_S1350_CRC.xlsx,100,1350,12440,ASAP-0008420-001,0.278567125
2023-05-18-E100_S1350_CRC.xlsx,100,1350,7463,ASAP-0008420-001,0.464344942
2023-05-18-E100_S1350_CRC.xlsx,100,1350,2488,ASAP-0008420-001,1.172969909
2023-05-18-E100_S1350_CRC.xlsx,100,1350,1552,ASAP-0008420-001,1.836102841
2023-05-18-E100_S1350_CRC.xlsx,100,1350,776,ASAP-0008420-001,2.808691169
2023-05-18-E100_S1350_CRC.xlsx,100,1350,388,ASAP-0008420-001,3.031594668
2023-05-18-E100_S1350_CRC.xlsx,100,1350,194,ASAP-0008420-001,2.434272052
2023-05-18-E100_S1350_CRC.xlsx,100,1350,100,ASAP-0008420-001,1.930025093
2023-05-18-E100_S1350_CRC.xlsx,100,1350,50,ASAP-0008420-001,1.623134383
2023-05-18-E100_S1350_CRC.xlsx,100,1350,99500,ASAP-0008452-001,0.111588699
2023-05-18-E100_S1350_CRC.xlsx,100,1350,49750,ASAP-0008452-001,0.201800873
2023-05-18-E100_S1350_CRC.xlsx,100,1350,24880,ASAP-0008452-001,0.39265826
2023-05-18-E100_S1350_CRC.xlsx,100,1350,12440,ASAP-0008452-001,0.696536088
2023-05-18-E100_S1350_CRC.xlsx,100,1350,7463,ASAP-0008452-001,1.122373404
2023-05-18-E100_S1350_CRC.xlsx,100,1350,2488,ASAP-0008452-001,2.474485318
2023-05-18-E100_S1350_CRC.xlsx,100,1350,1552,ASAP-0008452-001,2.96097868
2023-05-18-E100_S1350_CRC.xlsx,100,1350,776,ASAP-0008452-001,2.621792859
2023-05-18-E100_S1350_CRC.xlsx,100,1350,388,ASAP-0008452-001,2.10726226
2023-05-18-E100_S1350_CRC.xlsx,100,1350,194,ASAP-0008452-001,1.722335405
2023-05-18-E100_S1350_CRC.xlsx,100,1350,100,ASAP-0008452-001,1.520073884
2023-05-18-E100_S1350_CRC.xlsx,100,1350,50,ASAP-0008452-001,1.384369676
2023-05-18-E100_S1350_CRC.xlsx,100,1350,99500,ASAP-0008502-001,0.05314874
2023-05-18-E100_S1350_CRC.xlsx,100,1350,49750,ASAP-0008502-001,0.090125024
2023-05-18-E100_S1350_CRC.xlsx,100,1350,24880,ASAP-0008502-001,0.149560978
2023-05-18-E100_S1350_CRC.xlsx,100,1350,12440,ASAP-0008502-001,0.218259677
2023-05-18-E100_S1350_CRC.xlsx,100,1350,7463,ASAP-0008502-001,0.289025064
2023-05-18-E100_S1350_CRC.xlsx,100,1350,2488,ASAP-0008502-001,0.541708791
2023-05-18-E100_S1350_CRC.xlsx,100,1350,1552,ASAP-0008502-001,0.782490386
2023-05-18-E100_S1350_CRC.xlsx,100,1350,776,ASAP-0008502-001,1.314077386
2023-05-18-E100_S1350_CRC.xlsx,100,1350,388,ASAP-0008502-001,2.204471293
2023-05-18-E100_S1350_CRC.xlsx,100,1350,194,ASAP-0008502-001,2.914440852
2023-05-18-E100_S1350_CRC.xlsx,100,1350,100,ASAP-0008502-001,2.689047366
2023-05-18-E100_S1350_CRC.xlsx,100,1350,50,ASAP-0008502-001,2.067845789
2023-05-18-E100_S1350_CRC.xlsx,100,1350,99500,ASAP-0000153-001,0.023542813
2023-05-18-E100_S1350_CRC.xlsx,100,1350,49750,ASAP-0000153-001,0.049513361
2023-05-18-E100_S1350_CRC.xlsx,100,1350,24880,ASAP-0000153-001,0.100831962
2023-05-18-E100_S1350_CRC.xlsx,100,1350,12440,ASAP-0000153-001,0.165795683
2023-05-18-E100_S1350_CRC.xlsx,100,1350,7463,ASAP-0000153-001,0.205560751
2023-05-18-E100_S1350_CRC.xlsx,100,1350,2488,ASAP-0000153-001,0.386358597
2023-05-18-E100_S1350_CRC.xlsx,100,1350,1552,ASAP-0000153-001,0.583714846
2023-05-18-E100_S1350_CRC.xlsx,100,1350,776,ASAP-0000153-001,0.954299384
2023-05-18-E100_S1350_CRC.xlsx,100,1350,388,ASAP-0000153-001,1.665588636
2023-05-18-E100_S1350_CRC.xlsx,100,1350,194,ASAP-0000153-001,2.698584011
2023-05-18-E100_S1350_CRC.xlsx,100,1350,100,ASAP-0000153-001,3.07078704
2023-05-18-E100_S1350_CRC.xlsx,100,1350,50,ASAP-0000153-001,2.568009172
2023-05-18-E100_S1350_CRC.xlsx,100,1350,99500,ASAP-0000214-001,0.089826226
2023-05-18-E100_S1350_CRC.xlsx,100,1350,49750,ASAP-0000214-001,0.145900699
2023-05-18-E100_S1350_CRC.xlsx,100,1350,24880,ASAP-0000214-001,0.332450411
2023-05-18-E100_S1350_CRC.xlsx,100,1350,12440,ASAP-0000214-001,0.591433801
2023-05-18-E100_S1350_CRC.xlsx,100,1350,7463,ASAP-0000214-001,0.953950786
2023-05-18-E100_S1350_CRC.xlsx,100,1350,2488,ASAP-0000214-001,2.160547949
2023-05-18-E100_S1350_CRC.xlsx,100,1350,1552,ASAP-0000214-001,2.914017554
2023-05-18-E100_S1350_CRC.xlsx,100,1350,776,ASAP-0000214-001,3.028631586
2023-05-18-E100_S1350_CRC.xlsx,100,1350,388,ASAP-0000214-001,2.329070166
2023-05-18-E100_S1350_CRC.xlsx,100,1350,194,ASAP-0000214-001,1.82940478
2023-05-18-E100_S1350_CRC.xlsx,100,1350,100,ASAP-0000214-001,1.574704166
2023-05-18-E100_S1350_CRC.xlsx,100,1350,50,ASAP-0000214-001,1.337806947
2023-05-18-E100_S1350_CRC.xlsx,100,1350,99500,ASAP-0000223-001,0.088133036
2023-05-18-E100_S1350_CRC.xlsx,100,1350,49750,ASAP-0000223-001,0.100682563
2023-05-18-E100_S1350_CRC.xlsx,100,1350,24880,ASAP-0000223-001,0.13379937
2023-05-18-E100_S1350_CRC.xlsx,100,1350,12440,ASAP-0000223-001,0.235565076
2023-05-18-E100_S1350_CRC.xlsx,100,1350,7463,ASAP-0000223-001,0.384565807
2023-05-18-E100_S1350_CRC.xlsx,100,1350,2488,ASAP-0000223-001,0.981614525
2023-05-18-E100_S1350_CRC.xlsx,100,1350,1552,ASAP-0000223-001,1.47276416
2023-05-18-E100_S1350_CRC.xlsx,100,1350,776,ASAP-0000223-001,2.443484999
2023-05-18-E100_S1350_CRC.xlsx,100,1350,388,ASAP-0000223-001,3.07240553
2023-05-18-E100_S1350_CRC.xlsx,100,1350,194,ASAP-0000223-001,2.495998792
2023-05-18-E100_S1350_CRC.xlsx,100,1350,100,ASAP-0000223-001,2.067223293
2023-05-18-E100_S1350_CRC.xlsx,100,1350,50,ASAP-0000223-001,1.707420392
2023-05-18-E100_S1350_CRC.xlsx,100,1350,99500,ASAP-0000272-001,0.01547526
2023-05-18-E100_S1350_CRC.xlsx,100,1350,49750,ASAP-0000272-001,-0.001307242
2023-05-18-E100_S1350_CRC.xlsx,100,1350,24880,ASAP-0000272-001,0.039528519
2023-05-18-E100_S1350_CRC.xlsx,100,1350,12440,ASAP-0000272-001,0.054443532
2023-05-18-E100_S1350_CRC.xlsx,100,1350,7463,ASAP-0000272-001,0.106658528
2023-05-18-E100_S1350_CRC.xlsx,100,1350,2488,ASAP-0000272-001,0.251301784
2023-05-18-E100_S1350_CRC.xlsx,100,1350,1552,ASAP-0000272-001,0.405556385
2023-05-18-E100_S1350_CRC.xlsx,100,1350,776,ASAP-0000272-001,0.766654079
2023-05-18-E100_S1350_CRC.xlsx,100,1350,388,ASAP-0000272-001,1.417312184
2023-05-18-E100_S1350_CRC.xlsx,100,1350,194,ASAP-0000272-001,2.370055327
2023-05-18-E100_S1350_CRC.xlsx,100,1350,100,ASAP-0000272-001,3.080124485
2023-05-18-E100_S1350_CRC.xlsx,100,1350,50,ASAP-0000272-001,2.743851947
2023-05-18-E100_S1350_CRC.xlsx,100,1350,99500,ASAP-0000577-001,0.217213883
2023-05-18-E100_S1350_CRC.xlsx,100,1350,49750,ASAP-0000577-001,0.287655572
2023-05-18-E100_S1350_CRC.xlsx,100,1350,24880,ASAP-0000577-001,0.450525522
2023-05-18-E100_S1350_CRC.xlsx,100,1350,12440,ASAP-0000577-001,0.73899034
2023-05-18-E100_S1350_CRC.xlsx,100,1350,7463,ASAP-0000577-001,0.978402444
2023-05-18-E100_S1350_CRC.xlsx,100,1350,2488,ASAP-0000577-001,2.069787978
2023-05-18-E100_S1350_CRC.xlsx,100,1350,1552,ASAP-0000577-001,2.754110687
2023-05-18-E100_S1350_CRC.xlsx,100,1350,776,ASAP-0000577-001,3.060030303
2023-05-18-E100_S1350_CRC.xlsx,100,1350,388,ASAP-0000577-001,2.497766682
2023-05-18-E100_S1350_CRC.xlsx,100,1350,194,ASAP-0000577-001,1.987444158
2023-05-18-E100_S1350_CRC.xlsx,100,1350,100,ASAP-0000577-001,1.62711836
2023-05-18-E100_S1350_CRC.xlsx,100,1350,50,ASAP-0000577-001,1.415170796
2023-05-18-E100_S1350_CRC.xlsx,100,1350,99500,ASAP-0000654-001,-0.111215201
2023-05-18-E100_S1350_CRC.xlsx,100,1350,49750,ASAP-0000654-001,-0.029668177
2023-05-18-E100_S1350_CRC.xlsx,100,1350,24880,ASAP-0000654-001,0.00516672
2023-05-18-E100_S1350_CRC.xlsx,100,1350,12440,ASAP-0000654-001,0.037511631
2023-05-18-E100_S1350_CRC.xlsx,100,1350,7463,ASAP-0000654-001,0.067889454
2023-05-18-E100_S1350_CRC.xlsx,100,1350,2488,ASAP-0000654-001,0.190048142
2023-05-18-E100_S1350_CRC.xlsx,100,1350,1552,ASAP-0000654-001,0.350502806
2023-05-18-E100_S1350_CRC.xlsx,100,1350,776,ASAP-0000654-001,0.686202648
2023-05-18-E100_S1350_CRC.xlsx,100,1350,388,ASAP-0000654-001,1.294132602
2023-05-18-E100_S1350_CRC.xlsx,100,1350,194,ASAP-0000654-001,2.255515995
2023-05-18-E100_S1350_CRC.xlsx,100,1350,100,ASAP-0000654-001,2.924624892
2023-05-18-E100_S1350_CRC.xlsx,100,1350,50,ASAP-0000654-001,2.567859773
2023-05-18-E100_S1350_CRC.xlsx,100,1350,99500,ASAP-0000733-001,0.01893634
2023-05-18-E100_S1350_CRC.xlsx,100,1350,49750,ASAP-0000733-001,0.021401425
2023-05-18-E100_S1350_CRC.xlsx,100,1350,24880,ASAP-0000733-001,0.035619242
2023-05-18-E100_S1350_CRC.xlsx,100,1350,12440,ASAP-0000733-001,0.051629849
2023-05-18-E100_S1350_CRC.xlsx,100,1350,7463,ASAP-0000733-001,0.076554604
2023-05-18-E100_S1350_CRC.xlsx,100,1350,2488,ASAP-0000733-001,0.174062435
2023-05-18-E100_S1350_CRC.xlsx,100,1350,1552,ASAP-0000733-001,0.309044548
2023-05-18-E100_S1350_CRC.xlsx,100,1350,776,ASAP-0000733-001,0.54863095
2023-05-18-E100_S1350_CRC.xlsx,100,1350,388,ASAP-0000733-001,1.08193604
2023-05-18-E100_S1350_CRC.xlsx,100,1350,194,ASAP-0000733-001,2.02322525
2023-05-18-E100_S1350_CRC.xlsx,100,1350,100,ASAP-0000733-001,3.051265554
2023-05-18-E100_S1350_CRC.xlsx,100,1350,50,ASAP-0000733-001,2.91125367
2023-05-18-E100_S1350_CRC.xlsx,100,1350,99500,ASAP-0000773-001,0.162434203
2023-05-18-E100_S1350_CRC.xlsx,100,1350,49750,ASAP-0000773-001,0.264199909
2023-05-18-E100_S1350_CRC.xlsx,100,1350,24880,ASAP-0000773-001,0.499603136
2023-05-18-E100_S1350_CRC.xlsx,100,1350,12440,ASAP-0000773-001,0.881616708
2023-05-18-E100_S1350_CRC.xlsx,100,1350,7463,ASAP-0000773-001,1.353618355
2023-05-18-E100_S1350_CRC.xlsx,100,1350,2488,ASAP-0000773-001,2.736157892
2023-05-18-E100_S1350_CRC.xlsx,100,1350,1552,ASAP-0000773-001,3.077983098
2023-05-18-E100_S1350_CRC.xlsx,100,1350,776,ASAP-0000773-001,2.660661532
2023-05-18-E100_S1350_CRC.xlsx,100,1350,388,ASAP-0000773-001,2.141051362
2023-05-18-E100_S1350_CRC.xlsx,100,1350,194,ASAP-0000773-001,1.728485669
2023-05-18-E100_S1350_CRC.xlsx,100,1350,100,ASAP-0000773-001,1.494352334
2023-05-18-E100_S1350_CRC.xlsx,100,1350,50,ASAP-0000773-001,1.336910553
2023-05-18-E100_S1350_CRC.xlsx,100,1350,99500,ASAP-0008374-001,0.002651835
2023-05-18-E100_S1350_CRC.xlsx,100,1350,49750,ASAP-0008374-001,0.06520027
2023-05-18-E100_S1350_CRC.xlsx,100,1350,24880,ASAP-0008374-001,0.146871793
2023-05-18-E100_S1350_CRC.xlsx,100,1350,12440,ASAP-0008374-001,0.28626118
2023-05-18-E100_S1350_CRC.xlsx,100,1350,7463,ASAP-0008374-001,0.406452779
2023-05-18-E100_S1350_CRC.xlsx,100,1350,2488,ASAP-0008374-001,0.992246763
2023-05-18-E100_S1350_CRC.xlsx,100,1350,1552,ASAP-0008374-001,1.550899904
2023-05-18-E100_S1350_CRC.xlsx,100,1350,776,ASAP-0008374-001,2.494380302
2023-05-18-E100_S1350_CRC.xlsx,100,1350,388,ASAP-0008374-001,3.040234918
2023-05-18-E100_S1350_CRC.xlsx,100,1350,194,ASAP-0008374-001,2.54784029
2023-05-18-E100_S1350_CRC.xlsx,100,1350,100,ASAP-0008374-001,2.101560193
2023-05-18-E100_S1350_CRC.xlsx,100,1350,50,ASAP-0008374-001,1.688073204
2023-05-18-E100_S1350_CRC.xlsx,100,1350,99500,ASAP-0008401-001,0.097022284
2023-05-18-E100_S1350_CRC.xlsx,100,1350,49750,ASAP-0008401-001,0.143560113
2023-05-18-E100_S1350_CRC.xlsx,100,1350,24880,ASAP-0008401-001,0.24350813
2023-05-18-E100_S1350_CRC.xlsx,100,1350,12440,ASAP-0008401-001,0.356155073
2023-05-18-E100_S1350_CRC.xlsx,100,1350,7463,ASAP-0008401-001,0.491361284
2023-05-18-E100_S1350_CRC.xlsx,100,1350,2488,ASAP-0008401-001,1.063460347
2023-05-18-E100_S1350_CRC.xlsx,100,1350,1552,ASAP-0008401-001,1.637177901
2023-05-18-E100_S1350_CRC.xlsx,100,1350,776,ASAP-0008401-001,2.608820034
2023-05-18-E100_S1350_CRC.xlsx,100,1350,388,ASAP-0008401-001,2.981047963
2023-05-18-E100_S1350_CRC.xlsx,100,1350,194,ASAP-0008401-001,2.460043402
2023-05-18-E100_S1350_CRC.xlsx,100,1350,100,ASAP-0008401-001,1.952484762
2023-05-18-E100_S1350_CRC.xlsx,100,1350,50,ASAP-0008401-001,1.604210494
2023-05-18-E100_S1350_CRC.xlsx,100,1350,99500,ASAP-0008420-001,0.059448403
2023-05-18-E100_S1350_CRC.xlsx,100,1350,49750,ASAP-0008420-001,0.094482499
2023-05-18-E100_S1350_CRC.xlsx,100,1350,24880,ASAP-0008420-001,0.166443079
2023-05-18-E100_S1350_CRC.xlsx,100,1350,12440,ASAP-0008420-001,0.292959241
2023-05-18-E100_S1350_CRC.xlsx,100,1350,7463,ASAP-0008420-001,0.45951437
2023-05-18-E100_S1350_CRC.xlsx,100,1350,2488,ASAP-0008420-001,1.163159366
2023-05-18-E100_S1350_CRC.xlsx,100,1350,1552,ASAP-0008420-001,1.791407602
2023-05-18-E100_S1350_CRC.xlsx,100,1350,776,ASAP-0008420-001,2.6661146
2023-05-18-E100_S1350_CRC.xlsx,100,1350,388,ASAP-0008420-001,3.037172236
2023-05-18-E100_S1350_CRC.xlsx,100,1350,194,ASAP-0008420-001,2.454092337
2023-05-18-E100_S1350_CRC.xlsx,100,1350,100,ASAP-0008420-001,2.009331131
2023-05-18-E100_S1350_CRC.xlsx,100,1350,50,ASAP-0008420-001,1.690986487
2023-05-18-E100_S1350_CRC.xlsx,100,1350,99500,ASAP-0008452-001,0.124287625
2023-05-18-E100_S1350_CRC.xlsx,100,1350,49750,ASAP-0008452-001,0.208996931
2023-05-18-E100_S1350_CRC.xlsx,100,1350,24880,ASAP-0008452-001,0.38399311
2023-05-18-E100_S1350_CRC.xlsx,100,1350,12440,ASAP-0008452-001,0.710255907
2023-05-18-E100_S1350_CRC.xlsx,100,1350,7463,ASAP-0008452-001,1.106412597
2023-05-18-E100_S1350_CRC.xlsx,100,1350,2488,ASAP-0008452-001,2.487383443
2023-05-18-E100_S1350_CRC.xlsx,100,1350,1552,ASAP-0008452-001,2.942702187
2023-05-18-E100_S1350_CRC.xlsx,100,1350,776,ASAP-0008452-001,2.590991738
2023-05-18-E100_S1350_CRC.xlsx,100,1350,388,ASAP-0008452-001,2.071057871
2023-05-18-E100_S1350_CRC.xlsx,100,1350,194,ASAP-0008452-001,1.709885477
2023-05-18-E100_S1350_CRC.xlsx,100,1350,100,ASAP-0008452-001,1.483670297
2023-05-18-E100_S1350_CRC.xlsx,100,1350,50,ASAP-0008452-001,1.339325838
2023-05-18-E100_S1350_CRC.xlsx,100,1350,99500,ASAP-0008502-001,0.052700543
2023-05-18-E100_S1350_CRC.xlsx,100,1350,49750,ASAP-0008502-001,0.103919544
2023-05-18-E100_S1350_CRC.xlsx,100,1350,24880,ASAP-0008502-001,0.170626255
2023-05-18-E100_S1350_CRC.xlsx,100,1350,12440,ASAP-0008502-001,0.247243108
2023-05-18-E100_S1350_CRC.xlsx,100,1350,7463,ASAP-0008502-001,0.29153995
2023-05-18-E100_S1350_CRC.xlsx,100,1350,2488,ASAP-0008502-001,0.5400156
2023-05-18-E100_S1350_CRC.xlsx,100,1350,1552,ASAP-0008502-001,0.767674973
2023-05-18-E100_S1350_CRC.xlsx,100,1350,776,ASAP-0008502-001,1.326377914
2023-05-18-E100_S1350_CRC.xlsx,100,1350,388,ASAP-0008502-001,2.19124947
2023-05-18-E100_S1350_CRC.xlsx,100,1350,194,ASAP-0008502-001,2.916607139
2023-05-18-E100_S1350_CRC.xlsx,100,1350,100,ASAP-0008502-001,2.63690707
2023-05-18-E100_S1350_CRC.xlsx,100,1350,50,ASAP-0008502-001,2.041725842
2023-06-05-E100_S50_CRC_1.DAT,100,50,0,,0.054336631
2023-06-05-E100_S50_CRC_1.DAT,100,50,0,,0.052804263
2023-06-05-E100_S50_CRC_1.DAT,100,50,0,,0.05333726
2023-06-05-E100_S50_CRC_1.DAT,100,50,0,,0.057068245
2023-06-05-E100_S50_CRC_1.DAT,100,50,0,,0.059200237
2023-06-05-E100_S50_CRC_1.DAT,100,50,0,,0.055069503
2023-06-05-E100_S50_CRC_1.DAT,100,50,0,,0.058067616
2023-06-05-E100_S50_CRC_1.DAT,100,50,0,,0.060132983
2023-06-05-E100_S50_CRC_1.DAT,100,50,0,,0.063264345
2023-06-05-E100_S50_CRC_1.DAT,100,50,0,,0.055136128
2023-06-05-E100_S50_CRC_1.DAT,100,50,0,,0.056268749
2023-06-05-E100_S50_CRC_1.DAT,100,50,0,,0.058600614
2023-06-05-E100_S50_CRC_1.DAT,100,50,0,,0.055269378
2023-06-05-E100_S50_CRC_1.DAT,100,50,0,,0.055535877
2023-06-05-E100_S50_CRC_1.DAT,100,50,0,,0.058067616
2023-06-05-E100_S50_CRC_1.DAT,100,50,0,,0.051938141
2023-06-05-E100_S50_CRC_1.DAT,100,50,99500,ASAP-0000153-001,0.040811811
2023-06-05-E100_S50_CRC_1.DAT,100,50,49750,ASAP-0000153-001,0.002968965
2023-06-05-E100_S50_CRC_1.DAT,100,50,24880,ASAP-0000153-001,0.00416821
2023-06-05-E100_S50_CRC_1.DAT,100,50,12440,ASAP-0000153-001,0.007033073
2023-06-05-E100_S50_CRC_1.DAT,100,50,7463,ASAP-0000153-001,0.010963932
2023-06-05-E100_S50_CRC_1.DAT,100,50,2488,ASAP-0000153-001,0.020424644
2023-06-05-E100_S50_CRC_1.DAT,100,50,1552,ASAP-0000153-001,0.030818102
2023-06-05-E100_S50_CRC_1.DAT,100,50,776,ASAP-0000153-001,0.054070133
2023-06-05-E100_S50_CRC_1.DAT,100,50,388,ASAP-0000153-001,0.096843209
2023-06-05-E100_S50_CRC_1.DAT,100,50,194,ASAP-0000153-001,0.157604963
2023-06-05-E100_S50_CRC_1.DAT,100,50,100,ASAP-0000153-001,0.179724373
2023-06-05-E100_S50_CRC_1.DAT,100,50,50,ASAP-0000153-001,0.147877753
2023-06-05-E100_S50_CRC_1.DAT,100,50,99500,ASAP-0000214-001,0.004101585
2023-06-05-E100_S50_CRC_1.DAT,100,50,49750,ASAP-0000214-001,-0.003093886
2023-06-05-E100_S50_CRC_1.DAT,100,50,24880,ASAP-0000214-001,0.015827537
2023-06-05-E100_S50_CRC_1.DAT,100,50,12440,ASAP-0000214-001,0.027087117
2023-06-05-E100_S50_CRC_1.DAT,100,50,7463,ASAP-0000214-001,0.049006653
2023-06-05-E100_S50_CRC_1.DAT,100,50,2488,ASAP-0000214-001,0.118696121
2023-06-05-E100_S50_CRC_1.DAT,100,50,1552,ASAP-0000214-001,0.156805466
2023-06-05-E100_S50_CRC_1.DAT,100,50,776,ASAP-0000214-001,0.183455358
2023-06-05-E100_S50_CRC_1.DAT,100,50,388,ASAP-0000214-001,0.133819934
2023-06-05-E100_S50_CRC_1.DAT,100,50,194,ASAP-0000214-001,0.098975201
2023-06-05-E100_S50_CRC_1.DAT,100,50,100,ASAP-0000214-001,0.084184511
2023-06-05-E100_S50_CRC_1.DAT,100,50,50,ASAP-0000214-001,0.071459187
2023-06-05-E100_S50_CRC_1.DAT,100,50,99500,ASAP-0000223-001,0.006033702
2023-06-05-E100_S50_CRC_1.DAT,100,50,49750,ASAP-0000223-001,0.006766574
2023-06-05-E100_S50_CRC_1.DAT,100,50,24880,ASAP-0000223-001,0.00783257
2023-06-05-E100_S50_CRC_1.DAT,100,50,12440,ASAP-0000223-001,0.013762171
2023-06-05-E100_S50_CRC_1.DAT,100,50,7463,ASAP-0000223-001,0.02262326
2023-06-05-E100_S50_CRC_1.DAT,100,50,2488,ASAP-0000223-001,0.052271265
2023-06-05-E100_S50_CRC_1.DAT,100,50,1552,ASAP-0000223-001,0.085983378
2023-06-05-E100_S50_CRC_1.DAT,100,50,776,ASAP-0000223-001,0.146545258
2023-06-05-E100_S50_CRC_1.DAT,100,50,388,ASAP-0000223-001,0.18685322
2023-06-05-E100_S50_CRC_1.DAT,100,50,194,ASAP-0000223-001,0.147544629
2023-06-05-E100_S50_CRC_1.DAT,100,50,100,ASAP-0000223-001,0.106503795
2023-06-05-E100_S50_CRC_1.DAT,100,50,50,ASAP-0000223-001,0.084451009
2023-06-05-E100_S50_CRC_1.DAT,100,50,99500,ASAP-0000272-001,0.001836344
2023-06-05-E100_S50_CRC_1.DAT,100,50,49750,ASAP-0000272-001,0.002369342
2023-06-05-E100_S50_CRC_1.DAT,100,50,24880,ASAP-0000272-001,0.004301459
2023-06-05-E100_S50_CRC_1.DAT,100,50,12440,ASAP-0000272-001,0.006966448
2023-06-05-E100_S50_CRC_1.DAT,100,50,7463,ASAP-0000272-001,0.008298943
2023-06-05-E100_S50_CRC_1.DAT,100,50,2488,ASAP-0000272-001,0.01529454
2023-06-05-E100_S50_CRC_1.DAT,100,50,1552,ASAP-0000272-001,0.022689885
2023-06-05-E100_S50_CRC_1.DAT,100,50,776,ASAP-0000272-001,0.044942544
2023-06-05-E100_S50_CRC_1.DAT,100,50,388,ASAP-0000272-001,0.074923673
2023-06-05-E100_S50_CRC_1.DAT,100,50,194,ASAP-0000272-001,0.134352932
2023-06-05-E100_S50_CRC_1.DAT,100,50,100,ASAP-0000272-001,0.184121606
2023-06-05-E100_S50_CRC_1.DAT,100,50,50,ASAP-0000272-001,0.172995276
2023-06-05-E100_S50_CRC_1.DAT,100,50,99500,ASAP-0000577-001,0.033816215
2023-06-05-E100_S50_CRC_1.DAT,100,50,49750,ASAP-0000577-001,0.0127628
2023-06-05-E100_S50_CRC_1.DAT,100,50,24880,ASAP-0000577-001,0.021157516
2023-06-05-E100_S50_CRC_1.DAT,100,50,12440,ASAP-0000577-001,0.035415208
2023-06-05-E100_S50_CRC_1.DAT,100,50,7463,ASAP-0000577-001,0.049539651
2023-06-05-E100_S50_CRC_1.DAT,100,50,2488,ASAP-0000577-001,0.114298889
2023-06-05-E100_S50_CRC_1.DAT,100,50,1552,ASAP-0000577-001,0.168398169
2023-06-05-E100_S50_CRC_1.DAT,100,50,776,ASAP-0000577-001,0.186919844
2023-06-05-E100_S50_CRC_1.DAT,100,50,388,ASAP-0000577-001,0.140948781
2023-06-05-E100_S50_CRC_1.DAT,100,50,194,ASAP-0000577-001,0.103972055
2023-06-05-E100_S50_CRC_1.DAT,100,50,100,ASAP-0000577-001,0.08558363
2023-06-05-E100_S50_CRC_1.DAT,100,50,50,ASAP-0000577-001,0.073457929
2023-06-05-E100_S50_CRC_1.DAT,100,50,99500,ASAP-0000654-001,-0.003893383
2023-06-05-E100_S50_CRC_1.DAT,100,50,49750,ASAP-0000654-001,-0.003093886
2023-06-05-E100_S50_CRC_1.DAT,100,50,24880,ASAP-0000654-001,-0.000961895
2023-06-05-E100_S50_CRC_1.DAT,100,50,12440,ASAP-0000654-001,0.00150322
2023-06-05-E100_S50_CRC_1.DAT,100,50,7463,ASAP-0000654-001,0.002036218
2023-06-05-E100_S50_CRC_1.DAT,100,50,2488,ASAP-0000654-001,0.011030557
2023-06-05-E100_S50_CRC_1.DAT,100,50,1552,ASAP-0000654-001,0.015827537
2023-06-05-E100_S50_CRC_1.DAT,100,50,776,ASAP-0000654-001,0.031084601
2023-06-05-E100_S50_CRC_1.DAT,100,50,388,ASAP-0000654-001,0.065329712
2023-06-05-E100_S50_CRC_1.DAT,100,50,194,ASAP-0000654-001,0.131687943
2023-06-05-E100_S50_CRC_1.DAT,100,50,100,ASAP-0000654-001,0.180457246
2023-06-05-E100_S50_CRC_1.DAT,100,50,50,ASAP-0000654-001,0.158670959
2023-06-05-E100_S50_CRC_1.DAT,100,50,99500,ASAP-0000733-001,0.001836344
2023-06-05-E100_S50_CRC_1.DAT,100,50,49750,ASAP-0000733-001,0.002835715
2023-06-05-E100_S50_CRC_1.DAT,100,50,24880,ASAP-0000733-001,0.001436596
2023-06-05-E100_S50_CRC_1.DAT,100,50,12440,ASAP-0000733-001,-2.91483E-05
2023-06-05-E100_S50_CRC_1.DAT,100,50,7463,ASAP-0000733-001,0.003501962
2023-06-05-E100_S50_CRC_1.DAT,100,50,2488,ASAP-0000733-001,0.011630179
2023-06-05-E100_S50_CRC_1.DAT,100,50,1552,ASAP-0000733-001,0.015227915
2023-06-05-E100_S50_CRC_1.DAT,100,50,776,ASAP-0000733-001,0.02995198
2023-06-05-E100_S50_CRC_1.DAT,100,50,388,ASAP-0000733-001,0.054403256
2023-06-05-E100_S50_CRC_1.DAT,100,50,194,ASAP-0000733-001,0.107503166
2023-06-05-E100_S50_CRC_1.DAT,100,50,100,ASAP-0000733-001,0.164933683
2023-06-05-E100_S50_CRC_1.DAT,100,50,50,ASAP-0000733-001,0.176459762
2023-06-05-E100_S50_CRC_1.DAT,100,50,99500,ASAP-0000773-001,0.009897936
2023-06-05-E100_S50_CRC_1.DAT,100,50,49750,ASAP-0000773-001,0.01529454
2023-06-05-E100_S50_CRC_1.DAT,100,50,24880,ASAP-0000773-001,0.028885985
2023-06-05-E100_S50_CRC_1.DAT,100,50,12440,ASAP-0000773-001,0.047141161
2023-06-05-E100_S50_CRC_1.DAT,100,50,7463,ASAP-0000773-001,0.080986523
2023-06-05-E100_S50_CRC_1.DAT,100,50,2488,ASAP-0000773-001,0.161868946
2023-06-05-E100_S50_CRC_1.DAT,100,50,1552,ASAP-0000773-001,0.186186972
2023-06-05-E100_S50_CRC_1.DAT,100,50,776,ASAP-0000773-001,0.159403831
2023-06-05-E100_S50_CRC_1.DAT,100,50,388,ASAP-0000773-001,0.112899769
2023-06-05-E100_S50_CRC_1.DAT,100,50,194,ASAP-0000773-001,0.092978975
2023-06-05-E100_S50_CRC_1.DAT,100,50,100,ASAP-0000773-001,0.075989669
2023-06-05-E100_S50_CRC_1.DAT,100,50,50,ASAP-0000773-001,0.066928705
2023-06-05-E100_S50_CRC_1.DAT,100,50,99500,ASAP-0008374-001,-0.000961895
2023-06-05-E100_S50_CRC_1.DAT,100,50,49750,ASAP-0008374-001,-0.002827387
2023-06-05-E100_S50_CRC_1.DAT,100,50,24880,ASAP-0008374-001,0.003368713
2023-06-05-E100_S50_CRC_1.DAT,100,50,12440,ASAP-0008374-001,0.012562926
2023-06-05-E100_S50_CRC_1.DAT,100,50,7463,ASAP-0008374-001,0.018359277
2023-06-05-E100_S50_CRC_1.DAT,100,50,2488,ASAP-0008374-001,0.050472397
2023-06-05-E100_S50_CRC_1.DAT,100,50,1552,ASAP-0008374-001,0.085050632
2023-06-05-E100_S50_CRC_1.DAT,100,50,776,ASAP-0008374-001,0.143880269
2023-06-05-E100_S50_CRC_1.DAT,100,50,388,ASAP-0008374-001,0.187919215
2023-06-05-E100_S50_CRC_1.DAT,100,50,194,ASAP-0008374-001,0.152541484
2023-06-05-E100_S50_CRC_1.DAT,100,50,100,ASAP-0008374-001,0.113166268
2023-06-05-E100_S50_CRC_1.DAT,100,50,50,ASAP-0008374-001,0.091046858
2023-06-05-E100_S50_CRC_1.DAT,100,50,99500,ASAP-0008401-001,0.004368084
2023-06-05-E100_S50_CRC_1.DAT,100,50,49750,ASAP-0008401-001,0.006100327
2023-06-05-E100_S50_CRC_1.DAT,100,50,24880,ASAP-0008401-001,0.013962045
2023-06-05-E100_S50_CRC_1.DAT,100,50,12440,ASAP-0008401-001,0.016160661
2023-06-05-E100_S50_CRC_1.DAT,100,50,7463,ASAP-0008401-001,0.027819989
2023-06-05-E100_S50_CRC_1.DAT,100,50,2488,ASAP-0008401-001,0.057401369
2023-06-05-E100_S50_CRC_1.DAT,100,50,1552,ASAP-0008401-001,0.082585517
2023-06-05-E100_S50_CRC_1.DAT,100,50,776,ASAP-0008401-001,0.139416412
2023-06-05-E100_S50_CRC_1.DAT,100,50,388,ASAP-0008401-001,0.184521354
2023-06-05-E100_S50_CRC_1.DAT,100,50,194,ASAP-0008401-001,0.150675991
2023-06-05-E100_S50_CRC_1.DAT,100,50,100,ASAP-0008401-001,0.102239812
2023-06-05-E100_S50_CRC_1.DAT,100,50,50,ASAP-0008401-001,0.085183881
2023-06-05-E100_S50_CRC_1.DAT,100,50,99500,ASAP-0008420-001,0.000770348
2023-06-05-E100_S50_CRC_1.DAT,100,50,49750,ASAP-0008420-001,0.005367455
2023-06-05-E100_S50_CRC_1.DAT,100,50,24880,ASAP-0008420-001,0.007899195
2023-06-05-E100_S50_CRC_1.DAT,100,50,12440,ASAP-0008420-001,0.016094036
2023-06-05-E100_S50_CRC_1.DAT,100,50,7463,ASAP-0008420-001,0.020691143
2023-06-05-E100_S50_CRC_1.DAT,100,50,2488,ASAP-0008420-001,0.063131096
2023-06-05-E100_S50_CRC_1.DAT,100,50,1552,ASAP-0008420-001,0.104438428
2023-06-05-E100_S50_CRC_1.DAT,100,50,776,ASAP-0008420-001,0.160469826
2023-06-05-E100_S50_CRC_1.DAT,100,50,388,ASAP-0008420-001,0.19671368
2023-06-05-E100_S50_CRC_1.DAT,100,50,194,ASAP-0008420-001,0.150276243
2023-06-05-E100_S50_CRC_1.DAT,100,50,100,ASAP-0008420-001,0.105237925
2023-06-05-E100_S50_CRC_1.DAT,100,50,50,ASAP-0008420-001,0.084384385
2023-06-05-E100_S50_CRC_1.DAT,100,50,99500,ASAP-0008452-001,0.008032444
2023-06-05-E100_S50_CRC_1.DAT,100,50,49750,ASAP-0008452-001,0.012429676
2023-06-05-E100_S50_CRC_1.DAT,100,50,24880,ASAP-0008452-001,0.019758397
2023-06-05-E100_S50_CRC_1.DAT,100,50,12440,ASAP-0008452-001,0.037480575
2023-06-05-E100_S50_CRC_1.DAT,100,50,7463,ASAP-0008452-001,0.060466107
2023-06-05-E100_S50_CRC_1.DAT,100,50,2488,ASAP-0008452-001,0.152608108
2023-06-05-E100_S50_CRC_1.DAT,100,50,1552,ASAP-0008452-001,0.179724373
2023-06-05-E100_S50_CRC_1.DAT,100,50,776,ASAP-0008452-001,0.159870204
2023-06-05-E100_S50_CRC_1.DAT,100,50,388,ASAP-0008452-001,0.113765891
2023-06-05-E100_S50_CRC_1.DAT,100,50,194,ASAP-0008452-001,0.08924799
2023-06-05-E100_S50_CRC_1.DAT,100,50,100,ASAP-0008452-001,0.07572317
2023-06-05-E100_S50_CRC_1.DAT,100,50,50,ASAP-0008452-001,0.071725686
2023-06-05-E100_S50_CRC_1.DAT,100,50,99500,ASAP-0008502-001,0.003102214
2023-06-05-E100_S50_CRC_1.DAT,100,50,49750,ASAP-0008502-001,0.004634583
2023-06-05-E100_S50_CRC_1.DAT,100,50,24880,ASAP-0008502-001,0.005633954
2023-06-05-E100_S50_CRC_1.DAT,100,50,12440,ASAP-0008502-001,0.011297056
2023-06-05-E100_S50_CRC_1.DAT,100,50,7463,ASAP-0008502-001,0.018226028
2023-06-05-E100_S50_CRC_1.DAT,100,50,2488,ASAP-0008502-001,0.027087117
2023-06-05-E100_S50_CRC_1.DAT,100,50,1552,ASAP-0008502-001,0.041411434
2023-06-05-E100_S50_CRC_1.DAT,100,50,776,ASAP-0008502-001,0.076322792
2023-06-05-E100_S50_CRC_1.DAT,100,50,388,ASAP-0008502-001,0.129622576
2023-06-05-E100_S50_CRC_1.DAT,100,50,194,ASAP-0008502-001,0.180323996
2023-06-05-E100_S50_CRC_1.DAT,100,50,100,ASAP-0008502-001,0.161002824
2023-06-05-E100_S50_CRC_1.DAT,100,50,50,ASAP-0008502-001,0.115564758
2023-06-05-E100_S50_CRC_1.DAT,100,50,99500,ASAP-0000153-001,0.015894162
2023-06-05-E100_S50_CRC_1.DAT,100,50,49750,ASAP-0000153-001,0.000970223
2023-06-05-E100_S50_CRC_1.DAT,100,50,24880,ASAP-0000153-001,0.00543408
2023-06-05-E100_S50_CRC_1.DAT,100,50,12440,ASAP-0000153-001,0.01036431
2023-06-05-E100_S50_CRC_1.DAT,100,50,7463,ASAP-0000153-001,0.012163177
2023-06-05-E100_S50_CRC_1.DAT,100,50,2488,ASAP-0000153-001,0.023689256
2023-06-05-E100_S50_CRC_1.DAT,100,50,1552,ASAP-0000153-001,0.029352358
2023-06-05-E100_S50_CRC_1.DAT,100,50,776,ASAP-0000153-001,0.048740154
2023-06-05-E100_S50_CRC_1.DAT,100,50,388,ASAP-0000153-001,0.087182623
2023-06-05-E100_S50_CRC_1.DAT,100,50,194,ASAP-0000153-001,0.14601226
2023-06-05-E100_S50_CRC_1.DAT,100,50,100,ASAP-0000153-001,0.185387476
2023-06-05-E100_S50_CRC_1.DAT,100,50,50,ASAP-0000153-001,0.152141735
2023-06-05-E100_S50_CRC_1.DAT,100,50,99500,ASAP-0000214-001,0.050605647
2023-06-05-E100_S50_CRC_1.DAT,100,50,49750,ASAP-0000214-001,0.007499446
2023-06-05-E100_S50_CRC_1.DAT,100,50,24880,ASAP-0000214-001,0.018092778
2023-06-05-E100_S50_CRC_1.DAT,100,50,12440,ASAP-0000214-001,0.031817473
2023-06-05-E100_S50_CRC_1.DAT,100,50,7463,ASAP-0000214-001,0.052071391
2023-06-05-E100_S50_CRC_1.DAT,100,50,2488,ASAP-0000214-001,0.124225973
2023-06-05-E100_S50_CRC_1.DAT,100,50,1552,ASAP-0000214-001,0.171796031
2023-06-05-E100_S50_CRC_1.DAT,100,50,776,ASAP-0000214-001,0.18911846
2023-06-05-E100_S50_CRC_1.DAT,100,50,388,ASAP-0000214-001,0.139349787
2023-06-05-E100_S50_CRC_1.DAT,100,50,194,ASAP-0000214-001,0.09670996
2023-06-05-E100_S50_CRC_1.DAT,100,50,100,ASAP-0000214-001,0.076722541
2023-06-05-E100_S50_CRC_1.DAT,100,50,50,ASAP-0000214-001,0.06572946
2023-06-05-E100_S50_CRC_1.DAT,100,50,99500,ASAP-0000223-001,0.075056923
2023-06-05-E100_S50_CRC_1.DAT,100,50,49750,ASAP-0000223-001,0.005767203
2023-06-05-E100_S50_CRC_1.DAT,100,50,24880,ASAP-0000223-001,0.008698691
2023-06-05-E100_S50_CRC_1.DAT,100,50,12440,ASAP-0000223-001,0.012696175
2023-06-05-E100_S50_CRC_1.DAT,100,50,7463,ASAP-0000223-001,0.022889759
2023-06-05-E100_S50_CRC_1.DAT,100,50,2488,ASAP-0000223-001,0.054469881
2023-06-05-E100_S50_CRC_1.DAT,100,50,1552,ASAP-0000223-001,0.084784133
2023-06-05-E100_S50_CRC_1.DAT,100,50,776,ASAP-0000223-001,0.145612512
2023-06-05-E100_S50_CRC_1.DAT,100,50,388,ASAP-0000223-001,0.179924248
2023-06-05-E100_S50_CRC_1.DAT,100,50,194,ASAP-0000223-001,0.146811757
2023-06-05-E100_S50_CRC_1.DAT,100,50,100,ASAP-0000223-001,0.109035535
2023-06-05-E100_S50_CRC_1.DAT,100,50,50,ASAP-0000223-001,0.086982749
2023-06-05-E100_S50_CRC_1.DAT,100,50,99500,ASAP-0000272-001,0.003235463
2023-06-05-E100_S50_CRC_1.DAT,100,50,49750,ASAP-0000272-001,0.001036847
2023-06-05-E100_S50_CRC_1.DAT,100,50,24880,ASAP-0000272-001,0.003168839
2023-06-05-E100_S50_CRC_1.DAT,100,50,12440,ASAP-0000272-001,0.00403496
2023-06-05-E100_S50_CRC_1.DAT,100,50,7463,ASAP-0000272-001,0.006500075
2023-06-05-E100_S50_CRC_1.DAT,100,50,2488,ASAP-0000272-001,0.014161919
2023-06-05-E100_S50_CRC_1.DAT,100,50,1552,ASAP-0000272-001,0.022556635
2023-06-05-E100_S50_CRC_1.DAT,100,50,776,ASAP-0000272-001,0.042277555
2023-06-05-E100_S50_CRC_1.DAT,100,50,388,ASAP-0000272-001,0.085117257
2023-06-05-E100_S50_CRC_1.DAT,100,50,194,ASAP-0000272-001,0.146878382
2023-06-05-E100_S50_CRC_1.DAT,100,50,100,ASAP-0000272-001,0.182722486
2023-06-05-E100_S50_CRC_1.DAT,100,50,50,ASAP-0000272-001,0.176326512
2023-06-05-E100_S50_CRC_1.DAT,100,50,99500,ASAP-0000577-001,0.037813698
2023-06-05-E100_S50_CRC_1.DAT,100,50,49750,ASAP-0000577-001,0.016293911
2023-06-05-E100_S50_CRC_1.DAT,100,50,24880,ASAP-0000577-001,0.023222882
2023-06-05-E100_S50_CRC_1.DAT,100,50,12440,ASAP-0000577-001,0.038146822
2023-06-05-E100_S50_CRC_1.DAT,100,50,7463,ASAP-0000577-001,0.056202124
2023-06-05-E100_S50_CRC_1.DAT,100,50,2488,ASAP-0000577-001,0.121694234
2023-06-05-E100_S50_CRC_1.DAT,100,50,1552,ASAP-0000577-001,0.159736954
2023-06-05-E100_S50_CRC_1.DAT,100,50,776,ASAP-0000577-001,0.186520096
2023-06-05-E100_S50_CRC_1.DAT,100,50,388,ASAP-0000577-001,0.145412637
2023-06-05-E100_S50_CRC_1.DAT,100,50,194,ASAP-0000577-001,0.10277281
2023-06-05-E100_S50_CRC_1.DAT,100,50,100,ASAP-0000577-001,0.080586775
2023-06-05-E100_S50_CRC_1.DAT,100,50,50,ASAP-0000577-001,0.07079294
2023-06-05-E100_S50_CRC_1.DAT,100,50,99500,ASAP-0000654-001,-0.007157994
2023-06-05-E100_S50_CRC_1.DAT,100,50,49750,ASAP-0000654-001,-0.00216114
2023-06-05-E100_S50_CRC_1.DAT,100,50,24880,ASAP-0000654-001,-0.002094515
2023-06-05-E100_S50_CRC_1.DAT,100,50,12440,ASAP-0000654-001,0.000570474
2023-06-05-E100_S50_CRC_1.DAT,100,50,7463,ASAP-0000654-001,0.006033702
2023-06-05-E100_S50_CRC_1.DAT,100,50,2488,ASAP-0000654-001,0.010564184
2023-06-05-E100_S50_CRC_1.DAT,100,50,1552,ASAP-0000654-001,0.017493156
2023-06-05-E100_S50_CRC_1.DAT,100,50,776,ASAP-0000654-001,0.03614808
2023-06-05-E100_S50_CRC_1.DAT,100,50,388,ASAP-0000654-001,0.071259313
2023-06-05-E100_S50_CRC_1.DAT,100,50,194,ASAP-0000654-001,0.131754568
2023-06-05-E100_S50_CRC_1.DAT,100,50,100,ASAP-0000654-001,0.175993389
2023-06-05-E100_S50_CRC_1.DAT,100,50,50,ASAP-0000654-001,0.158337835
2023-06-05-E100_S50_CRC_1.DAT,100,50,99500,ASAP-0000733-001,0.004701208
2023-06-05-E100_S50_CRC_1.DAT,100,50,49750,ASAP-0000733-001,0.000104101
2023-06-05-E100_S50_CRC_1.DAT,100,50,24880,ASAP-0000733-001,3.74764E-05
2023-06-05-E100_S50_CRC_1.DAT,100,50,12440,ASAP-0000733-001,0.003635212
2023-06-05-E100_S50_CRC_1.DAT,100,50,7463,ASAP-0000733-001,0.004234834
2023-06-05-E100_S50_CRC_1.DAT,100,50,2488,ASAP-0000733-001,0.011030557
2023-06-05-E100_S50_CRC_1.DAT,100,50,1552,ASAP-0000733-001,0.017759655
2023-06-05-E100_S50_CRC_1.DAT,100,50,776,ASAP-0000733-001,0.032883468
2023-06-05-E100_S50_CRC_1.DAT,100,50,388,ASAP-0000733-001,0.058667239
2023-06-05-E100_S50_CRC_1.DAT,100,50,194,ASAP-0000733-001,0.111767149
2023-06-05-E100_S50_CRC_1.DAT,100,50,100,ASAP-0000733-001,0.182122864
2023-06-05-E100_S50_CRC_1.DAT,100,50,50,ASAP-0000733-001,0.179058126
2023-06-05-E100_S50_CRC_1.DAT,100,50,99500,ASAP-0000773-001,0.009364939
2023-06-05-E100_S50_CRC_1.DAT,100,50,49750,ASAP-0000773-001,0.016493785
2023-06-05-E100_S50_CRC_1.DAT,100,50,24880,ASAP-0000773-001,0.024955125
2023-06-05-E100_S50_CRC_1.DAT,100,50,12440,ASAP-0000773-001,0.043943174
2023-06-05-E100_S50_CRC_1.DAT,100,50,7463,ASAP-0000773-001,0.071192688
2023-06-05-E100_S50_CRC_1.DAT,100,50,2488,ASAP-0000773-001,0.157338464
2023-06-05-E100_S50_CRC_1.DAT,100,50,1552,ASAP-0000773-001,0.182988985
2023-06-05-E100_S50_CRC_1.DAT,100,50,776,ASAP-0000773-001,0.160336577
2023-06-05-E100_S50_CRC_1.DAT,100,50,388,ASAP-0000773-001,0.113832515
2023-06-05-E100_S50_CRC_1.DAT,100,50,194,ASAP-0000773-001,0.088648367
2023-06-05-E100_S50_CRC_1.DAT,100,50,100,ASAP-0000773-001,0.073990927
2023-06-05-E100_S50_CRC_1.DAT,100,50,50,ASAP-0000773-001,0.069860194
2023-06-05-E100_S50_CRC_1.DAT,100,50,99500,ASAP-0008374-001,0.000237351
2023-06-05-E100_S50_CRC_1.DAT,100,50,49750,ASAP-0008374-001,0.002102843
2023-06-05-E100_S50_CRC_1.DAT,100,50,24880,ASAP-0008374-001,0.006899824
2023-06-05-E100_S50_CRC_1.DAT,100,50,12440,ASAP-0008374-001,0.014495043
2023-06-05-E100_S50_CRC_1.DAT,100,50,7463,ASAP-0008374-001,0.020757767
2023-06-05-E100_S50_CRC_1.DAT,100,50,2488,ASAP-0008374-001,0.051605018
2023-06-05-E100_S50_CRC_1.DAT,100,50,1552,ASAP-0008374-001,0.07825491
2023-06-05-E100_S50_CRC_1.DAT,100,50,776,ASAP-0008374-001,0.135152429
2023-06-05-E100_S50_CRC_1.DAT,100,50,388,ASAP-0008374-001,0.187652716
2023-06-05-E100_S50_CRC_1.DAT,100,50,194,ASAP-0008374-001,0.155539596
2023-06-05-E100_S50_CRC_1.DAT,100,50,100,ASAP-0008374-001,0.10910216
2023-06-05-E100_S50_CRC_1.DAT,100,50,50,ASAP-0008374-001,0.087515747
2023-06-05-E100_S50_CRC_1.DAT,100,50,99500,ASAP-0008401-001,0.004634583
2023-06-05-E100_S50_CRC_1.DAT,100,50,49750,ASAP-0008401-001,0.008765316
2023-06-05-E100_S50_CRC_1.DAT,100,50,24880,ASAP-0008401-001,0.011563555
2023-06-05-E100_S50_CRC_1.DAT,100,50,12440,ASAP-0008401-001,0.018092778
2023-06-05-E100_S50_CRC_1.DAT,100,50,7463,ASAP-0008401-001,0.030684852
2023-06-05-E100_S50_CRC_1.DAT,100,50,2488,ASAP-0008401-001,0.063464219
2023-06-05-E100_S50_CRC_1.DAT,100,50,1552,ASAP-0008401-001,0.092512602
2023-06-05-E100_S50_CRC_1.DAT,100,50,776,ASAP-0008401-001,0.146478633
2023-06-05-E100_S50_CRC_1.DAT,100,50,388,ASAP-0008401-001,0.185720599
2023-06-05-E100_S50_CRC_1.DAT,100,50,194,ASAP-0008401-001,0.152408234
2023-06-05-E100_S50_CRC_1.DAT,100,50,100,ASAP-0008401-001,0.103305808
2023-06-05-E100_S50_CRC_1.DAT,100,50,50,ASAP-0008401-001,0.078987782
2023-06-05-E100_S50_CRC_1.DAT,100,50,99500,ASAP-0008420-001,0.001236722
2023-06-05-E100_S50_CRC_1.DAT,100,50,49750,ASAP-0008420-001,0.004967706
2023-06-05-E100_S50_CRC_1.DAT,100,50,24880,ASAP-0008420-001,0.008432192
2023-06-05-E100_S50_CRC_1.DAT,100,50,12440,ASAP-0008420-001,0.016094036
2023-06-05-E100_S50_CRC_1.DAT,100,50,7463,ASAP-0008420-001,0.02502175
2023-06-05-E100_S50_CRC_1.DAT,100,50,2488,ASAP-0008420-001,0.072725057
2023-06-05-E100_S50_CRC_1.DAT,100,50,1552,ASAP-0008420-001,0.101107192
2023-06-05-E100_S50_CRC_1.DAT,100,50,776,ASAP-0008420-001,0.157071965
2023-06-05-E100_S50_CRC_1.DAT,100,50,388,ASAP-0008420-001,0.183388734
2023-06-05-E100_S50_CRC_1.DAT,100,50,194,ASAP-0008420-001,0.150409492
2023-06-05-E100_S50_CRC_1.DAT,100,50,100,ASAP-0008420-001,0.107236667
2023-06-05-E100_S50_CRC_1.DAT,100,50,50,ASAP-0008420-001,0.087848871
2023-06-05-E100_S50_CRC_1.DAT,100,50,99500,ASAP-0008452-001,0.007299572
2023-06-05-E100_S50_CRC_1.DAT,100,50,49750,ASAP-0008452-001,0.013429047
2023-06-05-E100_S50_CRC_1.DAT,100,50,24880,ASAP-0008452-001,0.018492527
2023-06-05-E100_S50_CRC_1.DAT,100,50,12440,ASAP-0008452-001,0.03501546
2023-06-05-E100_S50_CRC_1.DAT,100,50,7463,ASAP-0008452-001,0.053870258
2023-06-05-E100_S50_CRC_1.DAT,100,50,2488,ASAP-0008452-001,0.139283162
2023-06-05-E100_S50_CRC_1.DAT,100,50,1552,ASAP-0008452-001,0.174194521
2023-06-05-E100_S50_CRC_1.DAT,100,50,776,ASAP-0008452-001,0.164867059
2023-06-05-E100_S50_CRC_1.DAT,100,50,388,ASAP-0008452-001,0.119961991
2023-06-05-E100_S50_CRC_1.DAT,100,50,194,ASAP-0008452-001,0.087315873
2023-06-05-E100_S50_CRC_1.DAT,100,50,100,ASAP-0008452-001,0.074590549
2023-06-05-E100_S50_CRC_1.DAT,100,50,50,ASAP-0008452-001,0.062131725
2023-06-05-E100_S50_CRC_1.DAT,100,50,99500,ASAP-0008502-001,0.000637099
2023-06-05-E100_S50_CRC_1.DAT,100,50,49750,ASAP-0008502-001,0.008898566
2023-06-05-E100_S50_CRC_1.DAT,100,50,24880,ASAP-0008502-001,0.007965819
2023-06-05-E100_S50_CRC_1.DAT,100,50,12440,ASAP-0008502-001,0.014295169
2023-06-05-E100_S50_CRC_1.DAT,100,50,7463,ASAP-0008502-001,0.015427789
2023-06-05-E100_S50_CRC_1.DAT,100,50,2488,ASAP-0008502-001,0.028286362
2023-06-05-E100_S50_CRC_1.DAT,100,50,1552,ASAP-0008502-001,0.035215334
2023-06-05-E100_S50_CRC_1.DAT,100,50,776,ASAP-0008502-001,0.064796714
2023-06-05-E100_S50_CRC_1.DAT,100,50,388,ASAP-0008502-001,0.114165639
2023-06-05-E100_S50_CRC_1.DAT,100,50,194,ASAP-0008502-001,0.16953079
2023-06-05-E100_S50_CRC_1.DAT,100,50,100,ASAP-0008502-001,0.161136074
2023-06-05-E100_S50_CRC_1.DAT,100,50,50,ASAP-0008502-001,0.117496876
2025-06-25-E100_S750_CRC.DAT,100,750,0,,0.812021809
2025-06-25-E100_S750_CRC.DAT,100,750,0,,0.84885102
2025-06-25-E100_S750_CRC.DAT,100,750,0,,0.853121073
2025-06-25-E100_S750_CRC.DAT,100,750,0,,0.802058352
2025-06-25-E100_S750_CRC.DAT,100,750,0,,0.820828794
2025-06-25-E100_S750_CRC.DAT,100,750,0,,0.807751756
2025-06-25-E100_S750_CRC.DAT,100,750,0,,0.871001921
2025-06-25-E100_S750_CRC.DAT,100,750,0,,0.84084467
2025-06-25-E100_S750_CRC.DAT,100,750,0,,0.840399872
2025-06-25-E100_S750_CRC.DAT,100,750,0,,0.855434018
2025-06-25-E100_S750_CRC.DAT,100,750,0,,0.878029717
2025-06-25-E100_S750_CRC.DAT,100,750,0,,0.843513453
2025-06-25-E100_S750_CRC.DAT,100,750,0,,0.84885102
2025-06-25-E100_S750_CRC.DAT,100,750,0,,0.84084467
2025-06-25-E100_S750_CRC.DAT,100,750,0,,0.870824002
2025-06-25-E100_S750_CRC.DAT,100,750,0,,0.83274936
2025-06-25-E100_S750_CRC.DAT,100,750,99500,ASAP-0000153-001,0.228714732
2025-06-25-E100_S750_CRC.DAT,100,750,49750,ASAP-0000153-001,0.051329599
2025-06-25-E100_S750_CRC.DAT,100,750,24880,ASAP-0000153-001,0.078907027
2025-06-25-E100_S750_CRC.DAT,100,750,12440,ASAP-0000153-001,0.086646499
2025-06-25-E100_S750_CRC.DAT,100,750,7463,ASAP-0000153-001,0.149451867
2025-06-25-E100_S750_CRC.DAT,100,750,2488,ASAP-0000153-001,0.278976818
2025-06-25-E100_S750_CRC.DAT,100,750,1552,ASAP-0000153-001,0.440883007
2025-06-25-E100_S750_CRC.DAT,100,750,776,ASAP-0000153-001,0.704736719
2025-06-25-E100_S750_CRC.DAT,100,750,388,ASAP-0000153-001,1.10825676
2025-06-25-E100_S750_CRC.DAT,100,750,194,ASAP-0000153-001,1.74404991
2025-06-25-E100_S750_CRC.DAT,100,750,100,ASAP-0000153-001,2.220071897
2025-06-25-E100_S750_CRC.DAT,100,750,50,ASAP-0000153-001,2.018489796
2025-06-25-E100_S750_CRC.DAT,100,750,99500,ASAP-0000214-001,0.085312107
2025-06-25-E100_S750_CRC.DAT,100,750,49750,ASAP-0000214-001,0.144381178
2025-06-25-E100_S750_CRC.DAT,100,750,24880,ASAP-0000214-001,0.280756007
2025-06-25-E100_S750_CRC.DAT,100,750,12440,ASAP-0000214-001,0.508936982
2025-06-25-E100_S750_CRC.DAT,100,750,7463,ASAP-0000214-001,0.724396757
2025-06-25-E100_S750_CRC.DAT,100,750,2488,ASAP-0000214-001,1.693520945
2025-06-25-E100_S750_CRC.DAT,100,750,1552,ASAP-0000214-001,2.169453973
2025-06-25-E100_S750_CRC.DAT,100,750,776,ASAP-0000214-001,2.031033078
2025-06-25-E100_S750_CRC.DAT,100,750,388,ASAP-0000214-001,1.45252981
2025-06-25-E100_S750_CRC.DAT,100,750,194,ASAP-0000214-001,1.136634822
2025-06-25-E100_S750_CRC.DAT,100,750,100,ASAP-0000214-001,1.018229802
2025-06-25-E100_S750_CRC.DAT,100,750,50,ASAP-0000214-001,0.938166302
2025-06-25-E100_S750_CRC.DAT,100,750,99500,ASAP-0000223-001,0.065385192
2025-06-25-E100_S750_CRC.DAT,100,750,49750,ASAP-0000223-001,0.092784701
2025-06-25-E100_S750_CRC.DAT,100,750,24880,ASAP-0000223-001,0.112711616
2025-06-25-E100_S750_CRC.DAT,100,750,12440,ASAP-0000223-001,0.20656383
2025-06-25-E100_S750_CRC.DAT,100,750,7463,ASAP-0000223-001,0.304686097
2025-06-25-E100_S750_CRC.DAT,100,750,2488,ASAP-0000223-001,0.628142638
2025-06-25-E100_S750_CRC.DAT,100,750,1552,ASAP-0000223-001,1.040736541
2025-06-25-E100_S750_CRC.DAT,100,750,776,ASAP-0000223-001,1.926772609
2025-06-25-E100_S750_CRC.DAT,100,750,388,ASAP-0000223-001,2.179862228
2025-06-25-E100_S750_CRC.DAT,100,750,194,ASAP-0000223-001,1.884072075
2025-06-25-E100_S750_CRC.DAT,100,750,100,ASAP-0000223-001,1.381006417
2025-06-25-E100_S750_CRC.DAT,100,750,50,ASAP-0000223-001,1.060574497
2025-06-25-E100_S750_CRC.DAT,100,750,99500,ASAP-0000272-001,0.010052417
2025-06-25-E100_S750_CRC.DAT,100,750,49750,ASAP-0000272-001,0.036562332
2025-06-25-E100_S750_CRC.DAT,100,750,24880,ASAP-0000272-001,0.056489247
2025-06-25-E100_S750_CRC.DAT,100,750,12440,ASAP-0000272-001,0.092073025
2025-06-25-E100_S750_CRC.DAT,100,750,7463,ASAP-0000272-001,0.096254119
2025-06-25-E100_S750_CRC.DAT,100,750,2488,ASAP-0000272-001,0.192686157
2025-06-25-E100_S750_CRC.DAT,100,750,1552,ASAP-0000272-001,0.267856887
2025-06-25-E100_S750_CRC.DAT,100,750,776,ASAP-0000272-001,0.45965345
2025-06-25-E100_S750_CRC.DAT,100,750,388,ASAP-0000272-001,0.806239446
2025-06-25-E100_S750_CRC.DAT,100,750,194,ASAP-0000272-001,1.333591033
2025-06-25-E100_S750_CRC.DAT,100,750,100,ASAP-0000272-001,1.946165768
2025-06-25-E100_S750_CRC.DAT,100,750,50,ASAP-0000272-001,2.261793877
2025-06-25-E100_S750_CRC.DAT,100,750,99500,ASAP-0000577-001,0.141089679
2025-06-25-E100_S750_CRC.DAT,100,750,49750,ASAP-0000577-001,0.202293777
2025-06-25-E100_S750_CRC.DAT,100,750,24880,ASAP-0000577-001,0.283068952
2025-06-25-E100_S750_CRC.DAT,100,750,12440,ASAP-0000577-001,0.42442551
2025-06-25-E100_S750_CRC.DAT,100,750,7463,ASAP-0000577-001,0.658033011
2025-06-25-E100_S750_CRC.DAT,100,750,2488,ASAP-0000577-001,1.333324154
2025-06-25-E100_S750_CRC.DAT,100,750,1552,ASAP-0000577-001,2.043220521
2025-06-25-E100_S750_CRC.DAT,100,750,776,ASAP-0000577-001,2.428770754
2025-06-25-E100_S750_CRC.DAT,100,750,388,ASAP-0000577-001,1.880335779
2025-06-25-E100_S750_CRC.DAT,100,750,194,ASAP-0000577-001,1.367306662
2025-06-25-E100_S750_CRC.DAT,100,750,100,ASAP-0000577-001,1.109680111
2025-06-25-E100_S750_CRC.DAT,100,750,50,ASAP-0000577-001,0.971348175
2025-06-25-E100_S750_CRC.DAT,100,750,99500,ASAP-0000654-001,-0.026509914
2025-06-25-E100_S750_CRC.DAT,100,750,49750,ASAP-0000654-001,-0.008095309
2025-06-25-E100_S750_CRC.DAT,100,750,24880,ASAP-0000654-001,0.029178698
2025-06-25-E100_S750_CRC.DAT,100,750,12440,ASAP-0000654-001,0.074992812
2025-06-25-E100_S750_CRC.DAT,100,750,7463,ASAP-0000654-001,0.065207273
2025-06-25-E100_S750_CRC.DAT,100,750,2488,ASAP-0000654-001,0.136730666
2025-06-25-E100_S750_CRC.DAT,100,750,1552,ASAP-0000654-001,0.19704517
2025-06-25-E100_S750_CRC.DAT,100,750,776,ASAP-0000654-001,0.360819507
2025-06-25-E100_S750_CRC.DAT,100,750,388,ASAP-0000654-001,0.702779612
2025-06-25-E100_S750_CRC.DAT,100,750,194,ASAP-0000654-001,1.242229683
2025-06-25-E100_S750_CRC.DAT,100,750,100,ASAP-0000654-001,2.030410361
2025-06-25-E100_S750_CRC.DAT,100,750,50,ASAP-0000654-001,2.226921774
2025-06-25-E100_S750_CRC.DAT,100,750,99500,ASAP-0000733-001,0.051774397
2025-06-25-E100_S750_CRC.DAT,100,750,49750,ASAP-0000733-001,0.036562332
2025-06-25-E100_S750_CRC.DAT,100,750,24880,ASAP-0000733-001,0.026065117
2025-06-25-E100_S750_CRC.DAT,100,750,12440,ASAP-0000733-001,0.061826814
2025-06-25-E100_S750_CRC.DAT,100,750,7463,ASAP-0000733-001,0.061737854
2025-06-25-E100_S750_CRC.DAT,100,750,2488,ASAP-0000733-001,0.127656803
2025-06-25-E100_S750_CRC.DAT,100,750,1552,ASAP-0000733-001,0.234763974
2025-06-25-E100_S750_CRC.DAT,100,750,776,ASAP-0000733-001,0.40832385
2025-06-25-E100_S750_CRC.DAT,100,750,388,ASAP-0000733-001,0.639974244
2025-06-25-E100_S750_CRC.DAT,100,750,194,ASAP-0000733-001,1.102385436
2025-06-25-E100_S750_CRC.DAT,100,750,100,ASAP-0000733-001,1.803030021
2025-06-25-E100_S750_CRC.DAT,100,750,50,ASAP-0000733-001,2.144100532
2025-06-25-E100_S750_CRC.DAT,100,750,99500,ASAP-0000773-001,0.117693345
2025-06-25-E100_S750_CRC.DAT,100,750,49750,ASAP-0000773-001,0.209054695
2025-06-25-E100_S750_CRC.DAT,100,750,24880,ASAP-0000773-001,0.402630446
2025-06-25-E100_S750_CRC.DAT,100,750,12440,ASAP-0000773-001,0.637572339
2025-06-25-E100_S750_CRC.DAT,100,750,7463,ASAP-0000773-001,0.894398255
2025-06-25-E100_S750_CRC.DAT,100,750,2488,ASAP-0000773-001,1.79199905
2025-06-25-E100_S750_CRC.DAT,100,750,1552,ASAP-0000773-001,2.177549283
2025-06-25-E100_S750_CRC.DAT,100,750,776,ASAP-0000773-001,2.068040207
2025-06-25-E100_S750_CRC.DAT,100,750,388,ASAP-0000773-001,1.542734687
2025-06-25-E100_S750_CRC.DAT,100,750,194,ASAP-0000773-001,1.230842874
2025-06-25-E100_S750_CRC.DAT,100,750,100,ASAP-0000773-001,1.080768291
2025-06-25-E100_S750_CRC.DAT,100,750,50,ASAP-0000773-001,1.022055058
2025-06-25-E100_S750_CRC.DAT,100,750,99500,ASAP-0008374-001,-0.005693404
2025-06-25-E100_S750_CRC.DAT,100,750,49750,ASAP-0008374-001,0.032381238
2025-06-25-E100_S750_CRC.DAT,100,750,24880,ASAP-0008374-001,0.096876835
2025-06-25-E100_S750_CRC.DAT,100,750,12440,ASAP-0008374-001,0.171869647
2025-06-25-E100_S750_CRC.DAT,100,750,7463,ASAP-0008374-001,0.272482779
2025-06-25-E100_S750_CRC.DAT,100,750,2488,ASAP-0008374-001,0.633480204
2025-06-25-E100_S750_CRC.DAT,100,750,1552,ASAP-0008374-001,1.076053441
2025-06-25-E100_S750_CRC.DAT,100,750,776,ASAP-0008374-001,1.721899008
2025-06-25-E100_S750_CRC.DAT,100,750,388,ASAP-0008374-001,2.240888407
2025-06-25-E100_S750_CRC.DAT,100,750,194,ASAP-0008374-001,1.921346083
2025-06-25-E100_S750_CRC.DAT,100,750,100,ASAP-0008374-001,1.475036549
2025-06-25-E100_S750_CRC.DAT,100,750,50,ASAP-0008374-001,1.169994614
2025-06-25-E100_S750_CRC.DAT,100,750,99500,ASAP-0008401-001,0.073035704
2025-06-25-E100_S750_CRC.DAT,100,750,49750,ASAP-0008401-001,0.099189781
2025-06-25-E100_S750_CRC.DAT,100,750,24880,ASAP-0008401-001,0.194910143
2025-06-25-E100_S750_CRC.DAT,100,750,12440,ASAP-0008401-001,0.283869587
2025-06-25-E100_S750_CRC.DAT,100,750,7463,ASAP-0008401-001,0.356727372
2025-06-25-E100_S750_CRC.DAT,100,750,2488,ASAP-0008401-001,0.670665252
2025-06-25-E100_S750_CRC.DAT,100,750,1552,ASAP-0008401-001,0.955691312
2025-06-25-E100_S750_CRC.DAT,100,750,776,ASAP-0008401-001,1.485177926
2025-06-25-E100_S750_CRC.DAT,100,750,388,ASAP-0008401-001,2.136538979
2025-06-25-E100_S750_CRC.DAT,100,750,194,ASAP-0008401-001,1.894836168
2025-06-25-E100_S750_CRC.DAT,100,750,100,ASAP-0008401-001,1.455643391
2025-06-25-E100_S750_CRC.DAT,100,750,50,ASAP-0008401-001,1.127827837
2025-06-25-E100_S750_CRC.DAT,100,750,99500,ASAP-0008420-001,0.057111963
2025-06-25-E100_S750_CRC.DAT,100,750,49750,ASAP-0008420-001,0.074636974
2025-06-25-E100_S750_CRC.DAT,100,750,24880,ASAP-0008420-001,0.120273169
2025-06-25-E100_S750_CRC.DAT,100,750,12440,ASAP-0008420-001,0.212346194
2025-06-25-E100_S750_CRC.DAT,100,750,7463,ASAP-0008420-001,0.303529625
2025-06-25-E100_S750_CRC.DAT,100,750,2488,ASAP-0008420-001,0.706782787
2025-06-25-E100_S750_CRC.DAT,100,750,1552,ASAP-0008420-001,1.112082016
2025-06-25-E100_S750_CRC.DAT,100,750,776,ASAP-0008420-001,1.901241248
2025-06-25-E100_S750_CRC.DAT,100,750,388,ASAP-0008420-001,2.325133001
2025-06-25-E100_S750_CRC.DAT,100,750,194,ASAP-0008420-001,1.924370704
2025-06-25-E100_S750_CRC.DAT,100,750,100,ASAP-0008420-001,1.410718871
2025-06-25-E100_S750_CRC.DAT,100,750,50,ASAP-0008420-001,1.184672923
2025-06-25-E100_S750_CRC.DAT,100,750,99500,ASAP-0008452-001,0.111733062
2025-06-25-E100_S750_CRC.DAT,100,750,49750,ASAP-0008452-001,0.154166717
2025-06-25-E100_S750_CRC.DAT,100,750,24880,ASAP-0008452-001,0.285826695
2025-06-25-E100_S750_CRC.DAT,100,750,12440,ASAP-0008452-001,0.45956449
2025-06-25-E100_S750_CRC.DAT,100,750,7463,ASAP-0008452-001,0.705537354
2025-06-25-E100_S750_CRC.DAT,100,750,2488,ASAP-0008452-001,1.535084174
2025-06-25-E100_S750_CRC.DAT,100,750,1552,ASAP-0008452-001,2.005857555
2025-06-25-E100_S750_CRC.DAT,100,750,776,ASAP-0008452-001,2.015909972
2025-06-25-E100_S750_CRC.DAT,100,750,388,ASAP-0008452-001,1.469254186
2025-06-25-E100_S750_CRC.DAT,100,750,194,ASAP-0008452-001,1.212873066
2025-06-25-E100_S750_CRC.DAT,100,750,100,ASAP-0008452-001,1.048831851
2025-06-25-E100_S750_CRC.DAT,100,750,50,ASAP-0008452-001,1.015205181
2025-06-25-E100_S750_CRC.DAT,100,750,99500,ASAP-0008502-001,0.056311328
2025-06-25-E100_S750_CRC.DAT,100,750,49750,ASAP-0008502-001,0.055421734
2025-06-25-E100_S750_CRC.DAT,100,750,24880,ASAP-0008502-001,0.105950698
2025-06-25-E100_S750_CRC.DAT,100,750,12440,ASAP-0008502-001,0.136997545
2025-06-25-E100_S750_CRC.DAT,100,750,7463,ASAP-0008502-001,0.190729049
2025-06-25-E100_S750_CRC.DAT,100,750,2488,ASAP-0008502-001,0.34587432
2025-06-25-E100_S750_CRC.DAT,100,750,1552,ASAP-0008502-001,0.536603369
2025-06-25-E100_S750_CRC.DAT,100,750,776,ASAP-0008502-001,0.810153661
2025-06-25-E100_S750_CRC.DAT,100,750,388,ASAP-0008502-001,1.343465531
2025-06-25-E100_S750_CRC.DAT,100,750,194,ASAP-0008502-001,1.874731334
2025-06-25-E100_S750_CRC.DAT,100,750,100,ASAP-0008502-001,1.975967181
2025-06-25-E100_S750_CRC.DAT,100,750,50,ASAP-0008502-001,1.586591693
2025-06-25-E100_S750_CRC.DAT,100,750,99500,ASAP-0000153-001,0.046703708
2025-06-25-E100_S750_CRC.DAT,100,750,49750,ASAP-0000153-001,0.070900677
2025-06-25-E100_S750_CRC.DAT,100,750,24880,ASAP-0000153-001,0.081575811
2025-06-25-E100_S750_CRC.DAT,100,750,12440,ASAP-0000153-001,0.160927635
2025-06-25-E100_S750_CRC.DAT,100,750,7463,ASAP-0000153-001,0.157458217
2025-06-25-E100_S750_CRC.DAT,100,750,2488,ASAP-0000153-001,0.289207154
2025-06-25-E100_S750_CRC.DAT,100,750,1552,ASAP-0000153-001,0.407612175
2025-06-25-E100_S750_CRC.DAT,100,750,776,ASAP-0000153-001,0.648870188
2025-06-25-E100_S750_CRC.DAT,100,750,388,ASAP-0000153-001,1.059062187
2025-06-25-E100_S750_CRC.DAT,100,750,194,ASAP-0000153-001,1.666655193
2025-06-25-E100_S750_CRC.DAT,100,750,100,ASAP-0000153-001,2.356802563
2025-06-25-E100_S750_CRC.DAT,100,750,50,ASAP-0000153-001,2.065104545
2025-06-25-E100_S750_CRC.DAT,100,750,99500,ASAP-0000214-001,0.089048404
2025-06-25-E100_S750_CRC.DAT,100,750,49750,ASAP-0000214-001,0.144470138
2025-06-25-E100_S750_CRC.DAT,100,750,24880,ASAP-0000214-001,0.221864855
2025-06-25-E100_S750_CRC.DAT,100,750,12440,ASAP-0000214-001,0.439370696
2025-06-25-E100_S750_CRC.DAT,100,750,7463,ASAP-0000214-001,0.722973406
2025-06-25-E100_S750_CRC.DAT,100,750,2488,ASAP-0000214-001,1.65909364
2025-06-25-E100_S750_CRC.DAT,100,750,1552,ASAP-0000214-001,2.215801844
2025-06-25-E100_S750_CRC.DAT,100,750,776,ASAP-0000214-001,2.120704198
2025-06-25-E100_S750_CRC.DAT,100,750,388,ASAP-0000214-001,1.452173972
2025-06-25-E100_S750_CRC.DAT,100,750,194,ASAP-0000214-001,1.164479129
2025-06-25-E100_S750_CRC.DAT,100,750,100,ASAP-0000214-001,0.997947049
2025-06-25-E100_S750_CRC.DAT,100,750,50,ASAP-0000214-001,0.903650037
2025-06-25-E100_S750_CRC.DAT,100,750,99500,ASAP-0000223-001,0.055866531
2025-06-25-E100_S750_CRC.DAT,100,750,49750,ASAP-0000223-001,0.090471755
2025-06-25-E100_S750_CRC.DAT,100,750,24880,ASAP-0000223-001,0.138154017
2025-06-25-E100_S750_CRC.DAT,100,750,12440,ASAP-0000223-001,0.188682982
2025-06-25-E100_S750_CRC.DAT,100,750,7463,ASAP-0000223-001,0.292676572
2025-06-25-E100_S750_CRC.DAT,100,750,2488,ASAP-0000223-001,0.671287968
2025-06-25-E100_S750_CRC.DAT,100,750,1552,ASAP-0000223-001,1.022944652
2025-06-25-E100_S750_CRC.DAT,100,750,776,ASAP-0000223-001,1.650108736
2025-06-25-E100_S750_CRC.DAT,100,750,388,ASAP-0000223-001,2.189380889
2025-06-25-E100_S750_CRC.DAT,100,750,194,ASAP-0000223-001,1.84973373
2025-06-25-E100_S750_CRC.DAT,100,750,100,ASAP-0000223-001,1.382429768
2025-06-25-E100_S750_CRC.DAT,100,750,50,ASAP-0000223-001,1.203532325
2025-06-25-E100_S750_CRC.DAT,100,750,99500,ASAP-0000272-001,0.029445576
2025-06-25-E100_S750_CRC.DAT,100,750,49750,ASAP-0000272-001,0.042255736
2025-06-25-E100_S750_CRC.DAT,100,750,24880,ASAP-0000272-001,0.03843048
2025-06-25-E100_S750_CRC.DAT,100,750,12440,ASAP-0000272-001,0.067075421
2025-06-25-E100_S750_CRC.DAT,100,750,7463,ASAP-0000272-001,0.098122267
2025-06-25-E100_S750_CRC.DAT,100,750,2488,ASAP-0000272-001,0.172670282
2025-06-25-E100_S750_CRC.DAT,100,750,1552,ASAP-0000272-001,0.278532021
2025-06-25-E100_S750_CRC.DAT,100,750,776,ASAP-0000272-001,0.515253103
2025-06-25-E100_S750_CRC.DAT,100,750,388,ASAP-0000272-001,0.844758885
2025-06-25-E100_S750_CRC.DAT,100,750,194,ASAP-0000272-001,1.35805488
2025-06-25-E100_S750_CRC.DAT,100,750,100,ASAP-0000272-001,1.857917999
2025-06-25-E100_S750_CRC.DAT,100,750,50,ASAP-0000272-001,2.053717736
2025-06-25-E100_S750_CRC.DAT,100,750,99500,ASAP-0000577-001,0.206919668
2025-06-25-E100_S750_CRC.DAT,100,750,49750,ASAP-0000577-001,0.203895047
2025-06-25-E100_S750_CRC.DAT,100,750,24880,ASAP-0000577-001,0.346941834
2025-06-25-E100_S750_CRC.DAT,100,750,12440,ASAP-0000577-001,0.526728871
2025-06-25-E100_S750_CRC.DAT,100,750,7463,ASAP-0000577-001,0.721905892
2025-06-25-E100_S750_CRC.DAT,100,750,2488,ASAP-0000577-001,1.327986588
2025-06-25-E100_S750_CRC.DAT,100,750,1552,ASAP-0000577-001,1.885050629
2025-06-25-E100_S750_CRC.DAT,100,750,776,ASAP-0000577-001,2.20201313
2025-06-25-E100_S750_CRC.DAT,100,750,388,ASAP-0000577-001,1.901241248
2025-06-25-E100_S750_CRC.DAT,100,750,194,ASAP-0000577-001,1.378070755
2025-06-25-E100_S750_CRC.DAT,100,750,100,ASAP-0000577-001,1.174353627
2025-06-25-E100_S750_CRC.DAT,100,750,50,ASAP-0000577-001,0.973127363
2025-06-25-E100_S750_CRC.DAT,100,750,99500,ASAP-0000654-001,-0.026598874
2025-06-25-E100_S750_CRC.DAT,100,750,49750,ASAP-0000654-001,0.007383634
2025-06-25-E100_S750_CRC.DAT,100,750,24880,ASAP-0000654-001,0.028911819
2025-06-25-E100_S750_CRC.DAT,100,750,12440,ASAP-0000654-001,0.048482897
2025-06-25-E100_S750_CRC.DAT,100,750,7463,ASAP-0000654-001,0.056400288
2025-06-25-E100_S750_CRC.DAT,100,750,2488,ASAP-0000654-001,0.151675853
2025-06-25-E100_S750_CRC.DAT,100,750,1552,ASAP-0000654-001,0.254424011
2025-06-25-E100_S750_CRC.DAT,100,750,776,ASAP-0000654-001,0.448711438
2025-06-25-E100_S750_CRC.DAT,100,750,388,ASAP-0000654-001,0.761759723
2025-06-25-E100_S750_CRC.DAT,100,750,194,ASAP-0000654-001,1.287332121
2025-06-25-E100_S750_CRC.DAT,100,750,100,ASAP-0000654-001,1.930330986
2025-06-25-E100_S750_CRC.DAT,100,750,50,ASAP-0000654-001,2.061635127
2025-06-25-E100_S750_CRC.DAT,100,750,99500,ASAP-0000733-001,0.016991254
2025-06-25-E100_S750_CRC.DAT,100,750,49750,ASAP-0000733-001,0.044123884
2025-06-25-E100_S750_CRC.DAT,100,750,24880,ASAP-0000733-001,0.040743426
2025-06-25-E100_S750_CRC.DAT,100,750,12440,ASAP-0000733-001,0.038519439
2025-06-25-E100_S750_CRC.DAT,100,750,7463,ASAP-0000733-001,0.067164381
2025-06-25-E100_S750_CRC.DAT,100,750,2488,ASAP-0000733-001,0.160749716
2025-06-25-E100_S750_CRC.DAT,100,750,1552,ASAP-0000733-001,0.20496256
2025-06-25-E100_S750_CRC.DAT,100,750,776,ASAP-0000733-001,0.324790932
2025-06-25-E100_S750_CRC.DAT,100,750,388,ASAP-0000733-001,0.592647819
2025-06-25-E100_S750_CRC.DAT,100,750,194,ASAP-0000733-001,1.029082854
2025-06-25-E100_S750_CRC.DAT,100,750,100,ASAP-0000733-001,1.819576478
2025-06-25-E100_S750_CRC.DAT,100,750,50,ASAP-0000733-001,2.356535685
2025-06-25-E100_S750_CRC.DAT,100,750,99500,ASAP-0000773-001,0.148206435
2025-06-25-E100_S750_CRC.DAT,100,750,49750,ASAP-0000773-001,0.219551909
2025-06-25-E100_S750_CRC.DAT,100,750,24880,ASAP-0000773-001,0.346319117
2025-06-25-E100_S750_CRC.DAT,100,750,12440,ASAP-0000773-001,0.560889298
2025-06-25-E100_S750_CRC.DAT,100,750,7463,ASAP-0000773-001,0.814423714
2025-06-25-E100_S750_CRC.DAT,100,750,2488,ASAP-0000773-001,1.757571745
2025-06-25-E100_S750_CRC.DAT,100,750,1552,ASAP-0000773-001,2.287147318
2025-06-25-E100_S750_CRC.DAT,100,750,776,ASAP-0000773-001,2.047668494
2025-06-25-E100_S750_CRC.DAT,100,750,388,ASAP-0000773-001,1.550652077
2025-06-25-E100_S750_CRC.DAT,100,750,194,ASAP-0000773-001,1.195970772
2025-06-25-E100_S750_CRC.DAT,100,750,100,ASAP-0000773-001,1.042871568
2025-06-25-E100_S750_CRC.DAT,100,750,50,ASAP-0000773-001,0.941902598
2025-06-25-E100_S750_CRC.DAT,100,750,99500,ASAP-0008374-001,0.029000779
2025-06-25-E100_S750_CRC.DAT,100,750,49750,ASAP-0008374-001,0.028555982
2025-06-25-E100_S750_CRC.DAT,100,750,24880,ASAP-0008374-001,0.128902235
2025-06-25-E100_S750_CRC.DAT,100,750,12440,ASAP-0008374-001,0.220174625
2025-06-25-E100_S750_CRC.DAT,100,750,7463,ASAP-0008374-001,0.27870994
2025-06-25-E100_S750_CRC.DAT,100,750,2488,ASAP-0008374-001,0.636593785
2025-06-25-E100_S750_CRC.DAT,100,750,1552,ASAP-0008374-001,0.964498297
2025-06-25-E100_S750_CRC.DAT,100,750,776,ASAP-0008374-001,1.588726719
2025-06-25-E100_S750_CRC.DAT,100,750,388,ASAP-0008374-001,2.129689102
2025-06-25-E100_S750_CRC.DAT,100,750,194,ASAP-0008374-001,1.911204706
2025-06-25-E100_S750_CRC.DAT,100,750,100,ASAP-0008374-001,1.48295394
2025-06-25-E100_S750_CRC.DAT,100,750,50,ASAP-0008374-001,1.155227346
2025-06-25-E100_S750_CRC.DAT,100,750,99500,ASAP-0008401-001,0.091539268
2025-06-25-E100_S750_CRC.DAT,100,750,49750,ASAP-0008401-001,0.102748158
2025-06-25-E100_S750_CRC.DAT,100,750,24880,ASAP-0008401-001,0.166354161
2025-06-25-E100_S750_CRC.DAT,100,750,12440,ASAP-0008401-001,0.205674236
2025-06-25-E100_S750_CRC.DAT,100,750,7463,ASAP-0008401-001,0.305219854
2025-06-25-E100_S750_CRC.DAT,100,750,2488,ASAP-0008401-001,0.620670044
2025-06-25-E100_S750_CRC.DAT,100,750,1552,ASAP-0008401-001,0.96414246
2025-06-25-E100_S750_CRC.DAT,100,750,776,ASAP-0008401-001,1.650197696
2025-06-25-E100_S750_CRC.DAT,100,750,388,ASAP-0008401-001,2.125685927
2025-06-25-E100_S750_CRC.DAT,100,750,194,ASAP-0008401-001,1.891633628
2025-06-25-E100_S750_CRC.DAT,100,750,100,ASAP-0008401-001,1.443278028
2025-06-25-E100_S750_CRC.DAT,100,750,50,ASAP-0008401-001,1.110213867
2025-06-25-E100_S750_CRC.DAT,100,750,99500,ASAP-0008420-001,0.042878452
2025-06-25-E100_S750_CRC.DAT,100,750,49750,ASAP-0008420-001,0.072679866
2025-06-25-E100_S750_CRC.DAT,100,750,24880,ASAP-0008420-001,0.18574732
2025-06-25-E100_S750_CRC.DAT,100,750,12440,ASAP-0008420-001,0.21457018
2025-06-25-E100_S750_CRC.DAT,100,750,7463,ASAP-0008420-001,0.300771882
2025-06-25-E100_S750_CRC.DAT,100,750,2488,ASAP-0008420-001,0.704380882
2025-06-25-E100_S750_CRC.DAT,100,750,1552,ASAP-0008420-001,1.009956574
2025-06-25-E100_S750_CRC.DAT,100,750,776,ASAP-0008420-001,1.681333501
2025-06-25-E100_S750_CRC.DAT,100,750,388,ASAP-0008420-001,2.167852703
2025-06-25-E100_S750_CRC.DAT,100,750,194,ASAP-0008420-001,1.957374658
2025-06-25-E100_S750_CRC.DAT,100,750,100,ASAP-0008420-001,1.469787942
2025-06-25-E100_S750_CRC.DAT,100,750,50,ASAP-0008420-001,1.271675259
2025-06-25-E100_S750_CRC.DAT,100,750,99500,ASAP-0008452-001,0.106751333
2025-06-25-E100_S750_CRC.DAT,100,750,49750,ASAP-0008452-001,0.156657582
2025-06-25-E100_S750_CRC.DAT,100,750,24880,ASAP-0008452-001,0.252288985
2025-06-25-E100_S750_CRC.DAT,100,750,12440,ASAP-0008452-001,0.422201524
2025-06-25-E100_S750_CRC.DAT,100,750,7463,ASAP-0008452-001,0.634280839
2025-06-25-E100_S750_CRC.DAT,100,750,2488,ASAP-0008452-001,1.512755354
2025-06-25-E100_S750_CRC.DAT,100,750,1552,ASAP-0008452-001,2.036192725
2025-06-25-E100_S750_CRC.DAT,100,750,776,ASAP-0008452-001,2.11554455
2025-06-25-E100_S750_CRC.DAT,100,750,388,ASAP-0008452-001,1.55661236
2025-06-25-E100_S750_CRC.DAT,100,750,194,ASAP-0008452-001,1.209759486
2025-06-25-E100_S750_CRC.DAT,100,750,100,ASAP-0008452-001,1.046429946
2025-06-25-E100_S750_CRC.DAT,100,750,50,ASAP-0008452-001,0.947684962
2025-06-25-E100_S750_CRC.DAT,100,750,99500,ASAP-0008502-001,0.027310549
2025-06-25-E100_S750_CRC.DAT,100,750,49750,ASAP-0008502-001,0.075526568
2025-06-25-E100_S750_CRC.DAT,100,750,24880,ASAP-0008502-001,0.105505901
2025-06-25-E100_S750_CRC.DAT,100,750,12440,ASAP-0008502-001,0.173826755
2025-06-25-E100_S750_CRC.DAT,100,750,7463,ASAP-0008502-001,0.196600372
2025-06-25-E100_S750_CRC.DAT,100,750,2488,ASAP-0008502-001,0.32665908
2025-06-25-E100_S750_CRC.DAT,100,750,1552,ASAP-0008502-001,0.458852815
2025-06-25-E100_S750_CRC.DAT,100,750,776,ASAP-0008502-001,0.798411014
2025-06-25-E100_S750_CRC.DAT,100,750,388,ASAP-0008502-001,1.26518122
2025-06-25-E100_S750_CRC.DAT,100,750,194,ASAP-0008502-001,1.879446184
2025-06-25-E100_S750_CRC.DAT,100,750,100,ASAP-0008502-001,2.210909074
2025-06-25-E100_S750_CRC.DAT,100,750,50,ASAP-0008502-001,1.622709227
2025-06-25-E50_S150_CRC.DAT,50,150,0,,0.159479667
2025-06-25-E50_S150_CRC.DAT,50,150,0,,0.145898358
2025-06-25-E50_S150_CRC.DAT,50,150,0,,0.159249475
2025-06-25-E50_S150_CRC.DAT,50,150,0,,0.154645642
2025-06-25-E50_S150_CRC.DAT,50,150,0,,0.157638134
2025-06-25-E50_S150_CRC.DAT,50,150,0,,0.147049317
2025-06-25-E50_S150_CRC.DAT,50,150,0,,0.167306184
2025-06-25-E50_S150_CRC.DAT,50,150,0,,0.162241967
2025-06-25-E50_S150_CRC.DAT,50,150,0,,0.150962575
2025-06-25-E50_S150_CRC.DAT,50,150,0,,0.149351233
2025-06-25-E50_S150_CRC.DAT,50,150,0,,0.156487175
2025-06-25-E50_S150_CRC.DAT,50,150,0,,0.156026792
2025-06-25-E50_S150_CRC.DAT,50,150,0,,0.150272
2025-06-25-E50_S150_CRC.DAT,50,150,0,,0.153955067
2025-06-25-E50_S150_CRC.DAT,50,150,0,,0.148430467
2025-06-25-E50_S150_CRC.DAT,50,150,0,,0.146819125
2025-06-25-E50_S150_CRC.DAT,50,150,99500,ASAP-0000153-001,0.229918318
2025-06-25-E50_S150_CRC.DAT,50,150,49750,ASAP-0000153-001,0.001337989
2025-06-25-E50_S150_CRC.DAT,50,150,24880,ASAP-0000153-001,0.010775848
2025-06-25-E50_S150_CRC.DAT,50,150,12440,ASAP-0000153-001,0.028270415
2025-06-25-E50_S150_CRC.DAT,50,150,7463,ASAP-0000153-001,0.03724789
2025-06-25-E50_S150_CRC.DAT,50,150,2488,ASAP-0000153-001,0.05658399
2025-06-25-E50_S150_CRC.DAT,50,150,1552,ASAP-0000153-001,0.096867533
2025-06-25-E50_S150_CRC.DAT,50,150,776,ASAP-0000153-001,0.132547242
2025-06-25-E50_S150_CRC.DAT,50,150,388,ASAP-0000153-001,0.226925827
2025-06-25-E50_S150_CRC.DAT,50,150,194,ASAP-0000153-001,0.346165112
2025-06-25-E50_S150_CRC.DAT,50,150,100,ASAP-0000153-001,0.469087464
2025-06-25-E50_S150_CRC.DAT,50,150,50,ASAP-0000153-001,0.430415264
2025-06-25-E50_S150_CRC.DAT,50,150,99500,ASAP-0000214-001,0.080754116
2025-06-25-E50_S150_CRC.DAT,50,150,49750,ASAP-0000214-001,0.024357156
2025-06-25-E50_S150_CRC.DAT,50,150,24880,ASAP-0000214-001,0.048066898
2025-06-25-E50_S150_CRC.DAT,50,150,12440,ASAP-0000214-001,0.086969291
2025-06-25-E50_S150_CRC.DAT,50,150,7463,ASAP-0000214-001,0.155336217
2025-06-25-E50_S150_CRC.DAT,50,150,2488,ASAP-0000214-001,0.356753929
2025-06-25-E50_S150_CRC.DAT,50,150,1552,ASAP-0000214-001,0.489344331
2025-06-25-E50_S150_CRC.DAT,50,150,776,ASAP-0000214-001,0.412920697
2025-06-25-E50_S150_CRC.DAT,50,150,388,ASAP-0000214-001,0.290919111
2025-06-25-E50_S150_CRC.DAT,50,150,194,ASAP-0000214-001,0.199533018
2025-06-25-E50_S150_CRC.DAT,50,150,100,ASAP-0000214-001,0.174211934
2025-06-25-E50_S150_CRC.DAT,50,150,50,ASAP-0000214-001,0.156717367
2025-06-25-E50_S150_CRC.DAT,50,150,99500,ASAP-0000223-001,0.014458914
2025-06-25-E50_S150_CRC.DAT,50,150,49750,ASAP-0000223-001,-0.013164086
2025-06-25-E50_S150_CRC.DAT,50,150,24880,ASAP-0000223-001,0.014458914
2025-06-25-E50_S150_CRC.DAT,50,150,12440,ASAP-0000223-001,0.027810031
2025-06-25-E50_S150_CRC.DAT,50,150,7463,ASAP-0000223-001,0.050138623
2025-06-25-E50_S150_CRC.DAT,50,150,2488,ASAP-0000223-001,0.136690692
2025-06-25-E50_S150_CRC.DAT,50,150,1552,ASAP-0000223-001,0.197231101
2025-06-25-E50_S150_CRC.DAT,50,150,776,ASAP-0000223-001,0.354452012
2025-06-25-E50_S150_CRC.DAT,50,150,388,ASAP-0000223-001,0.461030756
2025-06-25-E50_S150_CRC.DAT,50,150,194,ASAP-0000223-001,0.371946579
2025-06-25-E50_S150_CRC.DAT,50,150,100,ASAP-0000223-001,0.266518794
2025-06-25-E50_S150_CRC.DAT,50,150,50,ASAP-0000223-001,0.200453784
2025-06-25-E50_S150_CRC.DAT,50,150,99500,ASAP-0000272-001,-0.002575269
2025-06-25-E50_S150_CRC.DAT,50,150,49750,ASAP-0000272-001,-0.007409294
2025-06-25-E50_S150_CRC.DAT,50,150,24880,ASAP-0000272-001,0.010545656
2025-06-25-E50_S150_CRC.DAT,50,150,12440,ASAP-0000272-001,0.001107797
2025-06-25-E50_S150_CRC.DAT,50,150,7463,ASAP-0000272-001,0.013768339
2025-06-25-E50_S150_CRC.DAT,50,150,2488,ASAP-0000272-001,0.044614023
2025-06-25-E50_S150_CRC.DAT,50,150,1552,ASAP-0000272-001,0.051980157
2025-06-25-E50_S150_CRC.DAT,50,150,776,ASAP-0000272-001,0.095486382
2025-06-25-E50_S150_CRC.DAT,50,150,388,ASAP-0000272-001,0.168226951
2025-06-25-E50_S150_CRC.DAT,50,150,194,ASAP-0000272-001,0.281020869
2025-06-25-E50_S150_CRC.DAT,50,150,100,ASAP-0000272-001,0.391512871
2025-06-25-E50_S150_CRC.DAT,50,150,50,ASAP-0000272-001,0.439162547
2025-06-25-E50_S150_CRC.DAT,50,150,99500,ASAP-0000577-001,0.136000117
2025-06-25-E50_S150_CRC.DAT,50,150,49750,ASAP-0000577-001,0.087199482
2025-06-25-E50_S150_CRC.DAT,50,150,24880,ASAP-0000577-001,0.070855874
2025-06-25-E50_S150_CRC.DAT,50,150,12440,ASAP-0000577-001,0.103082708
2025-06-25-E50_S150_CRC.DAT,50,150,7463,ASAP-0000577-001,0.135539733
2025-06-25-E50_S150_CRC.DAT,50,150,2488,ASAP-0000577-001,0.293681411
2025-06-25-E50_S150_CRC.DAT,50,150,1552,ASAP-0000577-001,0.404403605
2025-06-25-E50_S150_CRC.DAT,50,150,776,ASAP-0000577-001,0.481978198
2025-06-25-E50_S150_CRC.DAT,50,150,388,ASAP-0000577-001,0.372867346
2025-06-25-E50_S150_CRC.DAT,50,150,194,ASAP-0000577-001,0.256160169
2025-06-25-E50_S150_CRC.DAT,50,150,100,ASAP-0000577-001,0.217257776
2025-06-25-E50_S150_CRC.DAT,50,150,50,ASAP-0000577-001,0.162241967
2025-06-25-E50_S150_CRC.DAT,50,150,99500,ASAP-0000654-001,-0.024443478
2025-06-25-E50_S150_CRC.DAT,50,150,49750,ASAP-0000654-001,-0.016616961
2025-06-25-E50_S150_CRC.DAT,50,150,24880,ASAP-0000654-001,-0.006718719
2025-06-25-E50_S150_CRC.DAT,50,150,12440,ASAP-0000654-001,0.003639906
2025-06-25-E50_S150_CRC.DAT,50,150,7463,ASAP-0000654-001,0.011696614
2025-06-25-E50_S150_CRC.DAT,50,150,2488,ASAP-0000654-001,0.030111948
2025-06-25-E50_S150_CRC.DAT,50,150,1552,ASAP-0000654-001,0.047606515
2025-06-25-E50_S150_CRC.DAT,50,150,776,ASAP-0000654-001,0.073848365
2025-06-25-E50_S150_CRC.DAT,50,150,388,ASAP-0000654-001,0.1364605
2025-06-25-E50_S150_CRC.DAT,50,150,194,ASAP-0000654-001,0.263756494
2025-06-25-E50_S150_CRC.DAT,50,150,100,ASAP-0000654-001,0.409007438
2025-06-25-E50_S150_CRC.DAT,50,150,50,ASAP-0000654-001,0.446758872
2025-06-25-E50_S150_CRC.DAT,50,150,99500,ASAP-0000733-001,-0.005337569
2025-06-25-E50_S150_CRC.DAT,50,150,49750,ASAP-0000733-001,-0.002805461
2025-06-25-E50_S150_CRC.DAT,50,150,24880,ASAP-0000733-001,0.002719139
2025-06-25-E50_S150_CRC.DAT,50,150,12440,ASAP-0000733-001,0.003639906
2025-06-25-E50_S150_CRC.DAT,50,150,7463,ASAP-0000733-001,0.013538148
2025-06-25-E50_S150_CRC.DAT,50,150,2488,ASAP-0000733-001,0.022515623
2025-06-25-E50_S150_CRC.DAT,50,150,1552,ASAP-0000733-001,0.039549806
2025-06-25-E50_S150_CRC.DAT,50,150,776,ASAP-0000733-001,0.071086065
2025-06-25-E50_S150_CRC.DAT,50,150,388,ASAP-0000733-001,0.132086858
2025-06-25-E50_S150_CRC.DAT,50,150,194,ASAP-0000733-001,0.21495586
2025-06-25-E50_S150_CRC.DAT,50,150,100,ASAP-0000733-001,0.373788113
2025-06-25-E50_S150_CRC.DAT,50,150,50,ASAP-0000733-001,0.454585389
2025-06-25-E50_S150_CRC.DAT,50,150,99500,ASAP-0000773-001,0.038398848
2025-06-25-E50_S150_CRC.DAT,50,150,49750,ASAP-0000773-001,0.038168656
2025-06-25-E50_S150_CRC.DAT,50,150,24880,ASAP-0000773-001,0.07592009
2025-06-25-E50_S150_CRC.DAT,50,150,12440,ASAP-0000773-001,0.134388775
2025-06-25-E50_S150_CRC.DAT,50,150,7463,ASAP-0000773-001,0.202985893
2025-06-25-E50_S150_CRC.DAT,50,150,2488,ASAP-0000773-001,0.391052488
2025-06-25-E50_S150_CRC.DAT,50,150,1552,ASAP-0000773-001,0.475532831
2025-06-25-E50_S150_CRC.DAT,50,150,776,ASAP-0000773-001,0.405324372
2025-06-25-E50_S150_CRC.DAT,50,150,388,ASAP-0000773-001,0.30588157
2025-06-25-E50_S150_CRC.DAT,50,150,194,ASAP-0000773-001,0.232680618
2025-06-25-E50_S150_CRC.DAT,50,150,100,ASAP-0000773-001,0.195619759
2025-06-25-E50_S150_CRC.DAT,50,150,50,ASAP-0000773-001,0.180196917
2025-06-25-E50_S150_CRC.DAT,50,150,99500,ASAP-0008374-001,-0.011782936
2025-06-25-E50_S150_CRC.DAT,50,150,49750,ASAP-0008374-001,-0.009711211
2025-06-25-E50_S150_CRC.DAT,50,150,24880,ASAP-0008374-001,0.015840064
2025-06-25-E50_S150_CRC.DAT,50,150,12440,ASAP-0008374-001,0.023896773
2025-06-25-E50_S150_CRC.DAT,50,150,7463,ASAP-0008374-001,0.05105939
2025-06-25-E50_S150_CRC.DAT,50,150,2488,ASAP-0008374-001,0.114131908
2025-06-25-E50_S150_CRC.DAT,50,150,1552,ASAP-0008374-001,0.233141002
2025-06-25-E50_S150_CRC.DAT,50,150,776,ASAP-0008374-001,0.367112554
2025-06-25-E50_S150_CRC.DAT,50,150,388,ASAP-0008374-001,0.470238423
2025-06-25-E50_S150_CRC.DAT,50,150,194,ASAP-0008374-001,0.377931563
2025-06-25-E50_S150_CRC.DAT,50,150,100,ASAP-0008374-001,0.285394511
2025-06-25-E50_S150_CRC.DAT,50,150,50,ASAP-0008374-001,0.213804901
2025-06-25-E50_S150_CRC.DAT,50,150,99500,ASAP-0008401-001,0.012847573
2025-06-25-E50_S150_CRC.DAT,50,150,49750,ASAP-0008401-001,0.009855081
2025-06-25-E50_S150_CRC.DAT,50,150,24880,ASAP-0008401-001,0.027349648
2025-06-25-E50_S150_CRC.DAT,50,150,12440,ASAP-0008401-001,0.05244054
2025-06-25-E50_S150_CRC.DAT,50,150,7463,ASAP-0008401-001,0.083286224
2025-06-25-E50_S150_CRC.DAT,50,150,2488,ASAP-0008401-001,0.1475097
2025-06-25-E50_S150_CRC.DAT,50,150,1552,ASAP-0008401-001,0.220250268
2025-06-25-E50_S150_CRC.DAT,50,150,776,ASAP-0008401-001,0.34731607
2025-06-25-E50_S150_CRC.DAT,50,150,388,ASAP-0008401-001,0.457808073
2025-06-25-E50_S150_CRC.DAT,50,150,194,ASAP-0008401-001,0.384607121
2025-06-25-E50_S150_CRC.DAT,50,150,100,ASAP-0008401-001,0.268130136
2025-06-25-E50_S150_CRC.DAT,50,150,50,ASAP-0008401-001,0.214725668
2025-06-25-E50_S150_CRC.DAT,50,150,99500,ASAP-0008420-001,0.019062748
2025-06-25-E50_S150_CRC.DAT,50,150,49750,ASAP-0008420-001,0.017221214
2025-06-25-E50_S150_CRC.DAT,50,150,24880,ASAP-0008420-001,0.033564823
2025-06-25-E50_S150_CRC.DAT,50,150,12440,ASAP-0008420-001,0.047836707
2025-06-25-E50_S150_CRC.DAT,50,150,7463,ASAP-0008420-001,0.063719932
2025-06-25-E50_S150_CRC.DAT,50,150,2488,ASAP-0008420-001,0.150041809
2025-06-25-E50_S150_CRC.DAT,50,150,1552,ASAP-0008420-001,0.217027585
2025-06-25-E50_S150_CRC.DAT,50,150,776,ASAP-0008420-001,0.365040829
2025-06-25-E50_S150_CRC.DAT,50,150,388,ASAP-0008420-001,0.477374365
2025-06-25-E50_S150_CRC.DAT,50,150,194,ASAP-0008420-001,0.39404498
2025-06-25-E50_S150_CRC.DAT,50,150,100,ASAP-0008420-001,0.288156811
2025-06-25-E50_S150_CRC.DAT,50,150,50,ASAP-0008420-001,0.219559693
2025-06-25-E50_S150_CRC.DAT,50,150,99500,ASAP-0008452-001,0.015149489
2025-06-25-E50_S150_CRC.DAT,50,150,49750,ASAP-0008452-001,0.031262906
2025-06-25-E50_S150_CRC.DAT,50,150,24880,ASAP-0008452-001,0.064640699
2025-06-25-E50_S150_CRC.DAT,50,150,12440,ASAP-0008452-001,0.112060183
2025-06-25-E50_S150_CRC.DAT,50,150,7463,ASAP-0008452-001,0.163392925
2025-06-25-E50_S150_CRC.DAT,50,150,2488,ASAP-0008452-001,0.345704729
2025-06-25-E50_S150_CRC.DAT,50,150,1552,ASAP-0008452-001,0.425351047
2025-06-25-E50_S150_CRC.DAT,50,150,776,ASAP-0008452-001,0.417754722
2025-06-25-E50_S150_CRC.DAT,50,150,388,ASAP-0008452-001,0.293681411
2025-06-25-E50_S150_CRC.DAT,50,150,194,ASAP-0008452-001,0.22324276
2025-06-25-E50_S150_CRC.DAT,50,150,100,ASAP-0008452-001,0.185030942
2025-06-25-E50_S150_CRC.DAT,50,150,50,ASAP-0008452-001,0.170298676
2025-06-25-E50_S150_CRC.DAT,50,150,99500,ASAP-0008502-001,0.001107797
2025-06-25-E50_S150_CRC.DAT,50,150,49750,ASAP-0008502-001,0.014689106
2025-06-25-E50_S150_CRC.DAT,50,150,24880,ASAP-0008502-001,0.036787506
2025-06-25-E50_S150_CRC.DAT,50,150,12440,ASAP-0008502-001,0.034255398
2025-06-25-E50_S150_CRC.DAT,50,150,7463,ASAP-0008502-001,0.043693257
2025-06-25-E50_S150_CRC.DAT,50,150,2488,ASAP-0008502-001,0.073618174
2025-06-25-E50_S150_CRC.DAT,50,150,1552,ASAP-0008502-001,0.103773283
2025-06-25-E50_S150_CRC.DAT,50,150,776,ASAP-0008502-001,0.179506342
2025-06-25-E50_S150_CRC.DAT,50,150,388,ASAP-0008502-001,0.29483237
2025-06-25-E50_S150_CRC.DAT,50,150,194,ASAP-0008502-001,0.42719258
2025-06-25-E50_S150_CRC.DAT,50,150,100,ASAP-0008502-001,0.43686063
2025-06-25-E50_S150_CRC.DAT,50,150,50,ASAP-0008502-001,0.322225178
2025-06-25-E50_S150_CRC.DAT,50,150,99500,ASAP-0000153-001,0.073848365
2025-06-25-E50_S150_CRC.DAT,50,150,49750,ASAP-0000153-001,0.043923448
2025-06-25-E50_S150_CRC.DAT,50,150,24880,ASAP-0000153-001,0.011696614
2025-06-25-E50_S150_CRC.DAT,50,150,12440,ASAP-0000153-001,0.020674089
2025-06-25-E50_S150_CRC.DAT,50,150,7463,ASAP-0000153-001,0.042312107
2025-06-25-E50_S150_CRC.DAT,50,150,2488,ASAP-0000153-001,0.069244532
2025-06-25-E50_S150_CRC.DAT,50,150,1552,ASAP-0000153-001,0.094795807
2025-06-25-E50_S150_CRC.DAT,50,150,776,ASAP-0000153-001,0.151422959
2025-06-25-E50_S150_CRC.DAT,50,150,388,ASAP-0000153-001,0.233601385
2025-06-25-E50_S150_CRC.DAT,50,150,194,ASAP-0000153-001,0.356293546
2025-06-25-E50_S150_CRC.DAT,50,150,100,ASAP-0000153-001,0.473230914
2025-06-25-E50_S150_CRC.DAT,50,150,50,ASAP-0000153-001,0.413150888
2025-06-25-E50_S150_CRC.DAT,50,150,99500,ASAP-0000214-001,0.014919298
2025-06-25-E50_S150_CRC.DAT,50,150,49750,ASAP-0000214-001,0.032413865
2025-06-25-E50_S150_CRC.DAT,50,150,24880,ASAP-0000214-001,0.042081915
2025-06-25-E50_S150_CRC.DAT,50,150,12440,ASAP-0000214-001,0.101241174
2025-06-25-E50_S150_CRC.DAT,50,150,7463,ASAP-0000214-001,0.143596442
2025-06-25-E50_S150_CRC.DAT,50,150,2488,ASAP-0000214-001,0.358595462
2025-06-25-E50_S150_CRC.DAT,50,150,1552,ASAP-0000214-001,0.441464464
2025-06-25-E50_S150_CRC.DAT,50,150,776,ASAP-0000214-001,0.401411113
2025-06-25-E50_S150_CRC.DAT,50,150,388,ASAP-0000214-001,0.254088444
2025-06-25-E50_S150_CRC.DAT,50,150,194,ASAP-0000214-001,0.208510493
2025-06-25-E50_S150_CRC.DAT,50,150,100,ASAP-0000214-001,0.176974234
2025-06-25-E50_S150_CRC.DAT,50,150,50,ASAP-0000214-001,0.178585576
2025-06-25-E50_S150_CRC.DAT,50,150,99500,ASAP-0000223-001,0.028270415
2025-06-25-E50_S150_CRC.DAT,50,150,49750,ASAP-0000223-001,0.017451406
2025-06-25-E50_S150_CRC.DAT,50,150,24880,ASAP-0000223-001,0.016300448
2025-06-25-E50_S150_CRC.DAT,50,150,12440,ASAP-0000223-001,0.036557315
2025-06-25-E50_S150_CRC.DAT,50,150,7463,ASAP-0000223-001,0.071316257
2025-06-25-E50_S150_CRC.DAT,50,150,2488,ASAP-0000223-001,0.156026792
2025-06-25-E50_S150_CRC.DAT,50,150,1552,ASAP-0000223-001,0.216106818
2025-06-25-E50_S150_CRC.DAT,50,150,776,ASAP-0000223-001,0.347546262
2025-06-25-E50_S150_CRC.DAT,50,150,388,ASAP-0000223-001,0.448600406
2025-06-25-E50_S150_CRC.DAT,50,150,194,ASAP-0000223-001,0.361587954
2025-06-25-E50_S150_CRC.DAT,50,150,100,ASAP-0000223-001,0.261224386
2025-06-25-E50_S150_CRC.DAT,50,150,50,ASAP-0000223-001,0.207129343
2025-06-25-E50_S150_CRC.DAT,50,150,99500,ASAP-0000272-001,0.006172014
2025-06-25-E50_S150_CRC.DAT,50,150,49750,ASAP-0000272-001,0.008704123
2025-06-25-E50_S150_CRC.DAT,50,150,24880,ASAP-0000272-001,0.015379681
2025-06-25-E50_S150_CRC.DAT,50,150,12440,ASAP-0000272-001,0.011006039
2025-06-25-E50_S150_CRC.DAT,50,150,7463,ASAP-0000272-001,0.019983514
2025-06-25-E50_S150_CRC.DAT,50,150,2488,ASAP-0000272-001,0.036557315
2025-06-25-E50_S150_CRC.DAT,50,150,1552,ASAP-0000272-001,0.056123607
2025-06-25-E50_S150_CRC.DAT,50,150,776,ASAP-0000272-001,0.094565616
2025-06-25-E50_S150_CRC.DAT,50,150,388,ASAP-0000272-001,0.194468801
2025-06-25-E50_S150_CRC.DAT,50,150,194,ASAP-0000272-001,0.294141795
2025-06-25-E50_S150_CRC.DAT,50,150,100,ASAP-0000272-001,0.404633797
2025-06-25-E50_S150_CRC.DAT,50,150,50,ASAP-0000272-001,0.447219256
2025-06-25-E50_S150_CRC.DAT,50,150,99500,ASAP-0000577-001,0.116664016
2025-06-25-E50_S150_CRC.DAT,50,150,49750,ASAP-0000577-001,0.100320408
2025-06-25-E50_S150_CRC.DAT,50,150,24880,ASAP-0000577-001,0.061418015
2025-06-25-E50_S150_CRC.DAT,50,150,12440,ASAP-0000577-001,0.089041016
2025-06-25-E50_S150_CRC.DAT,50,150,7463,ASAP-0000577-001,0.148200275
2025-06-25-E50_S150_CRC.DAT,50,150,2488,ASAP-0000577-001,0.302428695
2025-06-25-E50_S150_CRC.DAT,50,150,1552,ASAP-0000577-001,0.412230122
2025-06-25-E50_S150_CRC.DAT,50,150,776,ASAP-0000577-001,0.492797207
2025-06-25-E50_S150_CRC.DAT,50,150,388,ASAP-0000577-001,0.347776454
2025-06-25-E50_S150_CRC.DAT,50,150,194,ASAP-0000577-001,0.261224386
2025-06-25-E50_S150_CRC.DAT,50,150,100,ASAP-0000577-001,0.211272793
2025-06-25-E50_S150_CRC.DAT,50,150,50,ASAP-0000577-001,0.183189409
2025-06-25-E50_S150_CRC.DAT,50,150,99500,ASAP-0000654-001,-0.025364245
2025-06-25-E50_S150_CRC.DAT,50,150,49750,ASAP-0000654-001,-0.005107378
2025-06-25-E50_S150_CRC.DAT,50,150,24880,ASAP-0000654-001,-0.003265844
2025-06-25-E50_S150_CRC.DAT,50,150,12440,ASAP-0000654-001,0.012617381
2025-06-25-E50_S150_CRC.DAT,50,150,7463,ASAP-0000654-001,0.005481439
2025-06-25-E50_S150_CRC.DAT,50,150,2488,ASAP-0000654-001,0.02757984
2025-06-25-E50_S150_CRC.DAT,50,150,1552,ASAP-0000654-001,0.034715781
2025-06-25-E50_S150_CRC.DAT,50,150,776,ASAP-0000654-001,0.083286224
2025-06-25-E50_S150_CRC.DAT,50,150,388,ASAP-0000654-001,0.152113534
2025-06-25-E50_S150_CRC.DAT,50,150,194,ASAP-0000654-001,0.289768153
2025-06-25-E50_S150_CRC.DAT,50,150,100,ASAP-0000654-001,0.40785648
2025-06-25-E50_S150_CRC.DAT,50,150,50,ASAP-0000654-001,0.450211747
2025-06-25-E50_S150_CRC.DAT,50,150,99500,ASAP-0000733-001,0.011696614
2025-06-25-E50_S150_CRC.DAT,50,150,49750,ASAP-0000733-001,-0.000503544
2025-06-25-E50_S150_CRC.DAT,50,150,24880,ASAP-0000733-001,0.009624889
2025-06-25-E50_S150_CRC.DAT,50,150,12440,ASAP-0000733-001,0.014919298
2025-06-25-E50_S150_CRC.DAT,50,150,7463,ASAP-0000733-001,0.020674089
2025-06-25-E50_S150_CRC.DAT,50,150,2488,ASAP-0000733-001,0.032413865
2025-06-25-E50_S150_CRC.DAT,50,150,1552,ASAP-0000733-001,0.048987665
2025-06-25-E50_S150_CRC.DAT,50,150,776,ASAP-0000733-001,0.072006832
2025-06-25-E50_S150_CRC.DAT,50,150,388,ASAP-0000733-001,0.11850555
2025-06-25-E50_S150_CRC.DAT,50,150,194,ASAP-0000733-001,0.202755701
2025-06-25-E50_S150_CRC.DAT,50,150,100,ASAP-0000733-001,0.358825654
2025-06-25-E50_S150_CRC.DAT,50,150,50,ASAP-0000733-001,0.458268456
2025-06-25-E50_S150_CRC.DAT,50,150,99500,ASAP-0000773-001,0.031953481
2025-06-25-E50_S150_CRC.DAT,50,150,49750,ASAP-0000773-001,0.054051882
2025-06-25-E50_S150_CRC.DAT,50,150,24880,ASAP-0000773-001,0.089041016
2025-06-25-E50_S150_CRC.DAT,50,150,12440,ASAP-0000773-001,0.1419851
2025-06-25-E50_S150_CRC.DAT,50,150,7463,ASAP-0000773-001,0.197691484
2025-06-25-E50_S150_CRC.DAT,50,150,2488,ASAP-0000773-001,0.40647533
2025-06-25-E50_S150_CRC.DAT,50,150,1552,ASAP-0000773-001,0.480136665
2025-06-25-E50_S150_CRC.DAT,50,150,776,ASAP-0000773-001,0.40785648
2025-06-25-E50_S150_CRC.DAT,50,150,388,ASAP-0000773-001,0.290688919
2025-06-25-E50_S150_CRC.DAT,50,150,194,ASAP-0000773-001,0.232680618
2025-06-25-E50_S150_CRC.DAT,50,150,100,ASAP-0000773-001,0.185491326
2025-06-25-E50_S150_CRC.DAT,50,150,50,ASAP-0000773-001,0.173981742
2025-06-25-E50_S150_CRC.DAT,50,150,99500,ASAP-0008374-001,-0.032730378
2025-06-25-E50_S150_CRC.DAT,50,150,49750,ASAP-0008374-001,0.007322973
2025-06-25-E50_S150_CRC.DAT,50,150,24880,ASAP-0008374-001,0.021594856
2025-06-25-E50_S150_CRC.DAT,50,150,12440,ASAP-0008374-001,0.029881756
2025-06-25-E50_S150_CRC.DAT,50,150,7463,ASAP-0008374-001,0.041161148
2025-06-25-E50_S150_CRC.DAT,50,150,2488,ASAP-0008374-001,0.135309542
2025-06-25-E50_S150_CRC.DAT,50,150,1552,ASAP-0008374-001,0.224854102
2025-06-25-E50_S150_CRC.DAT,50,150,776,ASAP-0008374-001,0.371716388
2025-06-25-E50_S150_CRC.DAT,50,150,388,ASAP-0008374-001,0.460570373
2025-06-25-E50_S150_CRC.DAT,50,150,194,ASAP-0008374-001,0.386678846
2025-06-25-E50_S150_CRC.DAT,50,150,100,ASAP-0008374-001,0.278949144
2025-06-25-E50_S150_CRC.DAT,50,150,50,ASAP-0008374-001,0.225544677
2025-06-25-E50_S150_CRC.DAT,50,150,99500,ASAP-0008401-001,0.016760831
2025-06-25-E50_S150_CRC.DAT,50,150,49750,ASAP-0008401-001,0.013538148
2025-06-25-E50_S150_CRC.DAT,50,150,24880,ASAP-0008401-001,0.03310444
2025-06-25-E50_S150_CRC.DAT,50,150,12440,ASAP-0008401-001,0.051289582
2025-06-25-E50_S150_CRC.DAT,50,150,7463,ASAP-0008401-001,0.065331274
2025-06-25-E50_S150_CRC.DAT,50,150,2488,ASAP-0008401-001,0.133468008
2025-06-25-E50_S150_CRC.DAT,50,150,1552,ASAP-0008401-001,0.192857459
2025-06-25-E50_S150_CRC.DAT,50,150,776,ASAP-0008401-001,0.32659882
2025-06-25-E50_S150_CRC.DAT,50,150,388,ASAP-0008401-001,0.444226764
2025-06-25-E50_S150_CRC.DAT,50,150,194,ASAP-0008401-001,0.403482838
2025-06-25-E50_S150_CRC.DAT,50,150,100,ASAP-0008401-001,0.271813202
2025-06-25-E50_S150_CRC.DAT,50,150,50,ASAP-0008401-001,0.216106818
2025-06-25-E50_S150_CRC.DAT,50,150,99500,ASAP-0008420-001,0.015609873
2025-06-25-E50_S150_CRC.DAT,50,150,49750,ASAP-0008420-001,0.010315464
2025-06-25-E50_S150_CRC.DAT,50,150,24880,ASAP-0008420-001,0.035406356
2025-06-25-E50_S150_CRC.DAT,50,150,12440,ASAP-0008420-001,0.04691594
2025-06-25-E50_S150_CRC.DAT,50,150,7463,ASAP-0008420-001,0.054742457
2025-06-25-E50_S150_CRC.DAT,50,150,2488,ASAP-0008420-001,0.143596442
2025-06-25-E50_S150_CRC.DAT,50,150,1552,ASAP-0008420-001,0.21771816
2025-06-25-E50_S150_CRC.DAT,50,150,776,ASAP-0008420-001,0.363889871
2025-06-25-E50_S150_CRC.DAT,50,150,388,ASAP-0008420-001,0.459189223
2025-06-25-E50_S150_CRC.DAT,50,150,194,ASAP-0008420-001,0.384607121
2025-06-25-E50_S150_CRC.DAT,50,150,100,ASAP-0008420-001,0.282402019
2025-06-25-E50_S150_CRC.DAT,50,150,50,ASAP-0008420-001,0.237744835
2025-06-25-E50_S150_CRC.DAT,50,150,99500,ASAP-0008452-001,0.018602364
2025-06-25-E50_S150_CRC.DAT,50,150,49750,ASAP-0008452-001,0.031493098
2025-06-25-E50_S150_CRC.DAT,50,150,24880,ASAP-0008452-001,0.059576482
2025-06-25-E50_S150_CRC.DAT,50,150,12440,ASAP-0008452-001,0.080523924
2025-06-25-E50_S150_CRC.DAT,50,150,7463,ASAP-0008452-001,0.128864175
2025-06-25-E50_S150_CRC.DAT,50,150,2488,ASAP-0008452-001,0.34593492
2025-06-25-E50_S150_CRC.DAT,50,150,1552,ASAP-0008452-001,0.420517022
2025-06-25-E50_S150_CRC.DAT,50,150,776,ASAP-0008452-001,0.430415264
2025-06-25-E50_S150_CRC.DAT,50,150,388,ASAP-0008452-001,0.293451219
2025-06-25-E50_S150_CRC.DAT,50,150,194,ASAP-0008452-001,0.234061768
2025-06-25-E50_S150_CRC.DAT,50,150,100,ASAP-0008452-001,0.197691484
2025-06-25-E50_S150_CRC.DAT,50,150,50,ASAP-0008452-001,0.189404584
2025-06-25-E50_S150_CRC.DAT,50,150,99500,ASAP-0008502-001,0.002028564
2025-06-25-E50_S150_CRC.DAT,50,150,49750,ASAP-0008502-001,0.000647414
2025-06-25-E50_S150_CRC.DAT,50,150,24880,ASAP-0008502-001,0.028040223
2025-06-25-E50_S150_CRC.DAT,50,150,12440,ASAP-0008502-001,0.037017698
2025-06-25-E50_S150_CRC.DAT,50,150,7463,ASAP-0008502-001,0.050138623
2025-06-25-E50_S150_CRC.DAT,50,150,2488,ASAP-0008502-001,0.077531432
2025-06-25-E50_S150_CRC.DAT,50,150,1552,ASAP-0008502-001,0.106535583
2025-06-25-E50_S150_CRC.DAT,50,150,776,ASAP-0008502-001,0.167306184
2025-06-25-E50_S150_CRC.DAT,50,150,388,ASAP-0008502-001,0.269971669
2025-06-25-E50_S150_CRC.DAT,50,150,194,ASAP-0008502-001,0.396577088
2025-06-25-E50_S150_CRC.DAT,50,150,100,ASAP-0008502-001,0.418675488
2025-06-25-E50_S150_CRC.DAT,50,150,50,ASAP-0008502-001,0.311175978